code,references,per_board,two_board_nominal,stock_displayed,assembly,status,url
C107037,"['C1', 'C2']",2,4,5757645,JLCPCB,nominal quantity available; assembly allowance unverified,https://jlcpcb.com/parts/componentSearch?searchTxt=C107037
C1525,"['C3', 'C5', 'C6', 'C7', 'C61', 'C62', 'C66', 'C69', 'C70', 'C71', 'C73', 'C75', 'C77', 'C78', 'C80', 'C82', 'C88', 'C99', 'C105', 'C106', 'C115']",21,42,21561194,JLCPCB,nominal quantity available; assembly allowance unverified,https://jlcpcb.com/parts/componentSearch?searchTxt=C1525
C15850,"['C4', 'C72', 'C76']",3,6,4946944,JLCPCB,nominal quantity available; assembly allowance unverified,https://jlcpcb.com/parts/componentSearch?searchTxt=C15850
C1711,"['C8', 'C9']",2,4,1290850,JLCPCB,nominal quantity available; assembly allowance unverified,https://jlcpcb.com/parts/componentSearch?searchTxt=C1711
C1566,"['C55', 'C67', 'C84', 'C86', 'C93', 'C94', 'C97', 'C101']",8,16,93458,JLCPCB,nominal quantity available; assembly allowance unverified,https://jlcpcb.com/parts/componentSearch?searchTxt=C1566
C526972,"['C56', 'C64', 'C87', 'C90', 'C92', 'C95', 'C96', 'C100']",8,16,39272,JLCPCB,nominal quantity available; assembly allowance unverified,https://jlcpcb.com/parts/componentSearch?searchTxt=C526972
C3892498,"['C57', 'C63']",2,4,6349,JLCPCB,nominal quantity available; assembly allowance unverified,https://jlcpcb.com/parts/componentSearch?searchTxt=C3892498
C178639,"['C58', 'C59']",2,4,3967,JLCPCB,nominal quantity available; assembly allowance unverified,https://jlcpcb.com/parts/componentSearch?searchTxt=C178639
C161311,"['C60', 'C89', 'C91', 'C98']",4,8,31397,JLCPCB,nominal quantity available; assembly allowance unverified,https://jlcpcb.com/parts/componentSearch?searchTxt=C161311
C32949,['C65'],1,2,1184766,JLCPCB,nominal quantity available; assembly allowance unverified,https://jlcpcb.com/parts/componentSearch?searchTxt=C32949
C2167673,"['C68', 'C74', 'C79']",3,6,2204,JLCPCB,nominal quantity available; assembly allowance unverified,https://jlcpcb.com/parts/componentSearch?searchTxt=C2167673
C1579,"['C81', 'C85']",2,4,306280,JLCPCB,nominal quantity available; assembly allowance unverified,https://jlcpcb.com/parts/componentSearch?searchTxt=C1579
C53547,['C83'],1,2,27663,JLCPCB,nominal quantity available; assembly allowance unverified,https://jlcpcb.com/parts/componentSearch?searchTxt=C53547
C1546,['C102'],1,2,3210887,JLCPCB,nominal quantity available; assembly allowance unverified,https://jlcpcb.com/parts/componentSearch?searchTxt=C1546
C29936,"['C103', 'C104']",2,4,265950,JLCPCB,nominal quantity available; assembly allowance unverified,https://jlcpcb.com/parts/componentSearch?searchTxt=C29936
C14663,"['C107', 'C108', 'C109', 'C110', 'C111', 'C112', 'C113', 'C114']",8,16,58071875,JLCPCB,nominal quantity available; assembly allowance unverified,https://jlcpcb.com/parts/componentSearch?searchTxt=C14663
C2480,"['D8', 'D14']",2,4,1157673,JLCPCB,nominal quantity available; assembly allowance unverified,https://jlcpcb.com/parts/componentSearch?searchTxt=C2480
C5875738,"['D9', 'D10', 'D11']",3,6,2827,JLCPCB,nominal quantity available; assembly allowance unverified,https://jlcpcb.com/parts/componentSearch?searchTxt=C5875738
C125113,"['D12', 'D13']",2,4,16751,JLCPCB,nominal quantity available; assembly allowance unverified,https://jlcpcb.com/parts/componentSearch?searchTxt=C125113
C478204,['D15'],1,2,1287,JLCPCB,nominal quantity available; assembly allowance unverified,https://jlcpcb.com/parts/componentSearch?searchTxt=C478204
C7466599,"['H1', 'H2']",2,4,80,hand solder,nominal quantity available; assembly allowance unverified,https://jlcpcb.com/parts/componentSearch?searchTxt=C7466599
C50981,"['J6', 'J7', 'J8']",3,0,39646,DNP,nominal quantity available; assembly allowance unverified,https://jlcpcb.com/parts/componentSearch?searchTxt=C50981
C588477,['J9'],1,2,7269,JLCPCB,nominal quantity available; assembly allowance unverified,https://jlcpcb.com/parts/componentSearch?searchTxt=C588477
C86471,"['JP1', 'JP2']",2,4,21397,hand solder,nominal quantity available; assembly allowance unverified,https://jlcpcb.com/parts/componentSearch?searchTxt=C86471
C40976557,"['L12', 'L13', 'L19', 'L20', 'L21', 'L22', 'L23', 'L24']",8,16,9,JLCPCB,BLOCKED: stock below 16 nominal pieces,https://jlcpcb.com/parts/componentSearch?searchTxt=C40976557
C337958,['L15'],1,2,488,JLCPCB,nominal quantity available; assembly allowance unverified,https://jlcpcb.com/parts/componentSearch?searchTxt=C337958
C40877572,['L16'],1,2,250,JLCPCB,nominal quantity available; assembly allowance unverified,https://jlcpcb.com/parts/componentSearch?searchTxt=C40877572
C39750903,"['L17', 'L18']",2,4,124,JLCPCB,nominal quantity available; assembly allowance unverified,https://jlcpcb.com/parts/componentSearch?searchTxt=C39750903
C193010,"['Q3', 'Q4']",2,4,132841,JLCPCB,nominal quantity available; assembly allowance unverified,https://jlcpcb.com/parts/componentSearch?searchTxt=C193010
C25900,"['R1', 'R2']",2,4,15459291,JLCPCB,nominal quantity available; assembly allowance unverified,https://jlcpcb.com/parts/componentSearch?searchTxt=C25900
C60485,"['R3', 'R4']",2,4,8744833,JLCPCB,nominal quantity available; assembly allowance unverified,https://jlcpcb.com/parts/componentSearch?searchTxt=C60485
C17437,"['R5', 'R6']",2,4,1649241,JLCPCB,nominal quantity available; assembly allowance unverified,https://jlcpcb.com/parts/componentSearch?searchTxt=C17437
C4230864,"['R20', 'R21']",2,4,61,JLCPCB,nominal quantity available; assembly allowance unverified,https://jlcpcb.com/parts/componentSearch?searchTxt=C4230864
C71626,"['R22', 'R23', 'R24']",3,6,85465,JLCPCB,nominal quantity available; assembly allowance unverified,https://jlcpcb.com/parts/componentSearch?searchTxt=C71626
C844713,['R25'],1,2,42556,JLCPCB,nominal quantity available; assembly allowance unverified,https://jlcpcb.com/parts/componentSearch?searchTxt=C844713
C1152,"['R26', 'R31']",2,4,44212,JLCPCB,nominal quantity available; assembly allowance unverified,https://jlcpcb.com/parts/componentSearch?searchTxt=C1152
C144710,"['R27', 'R33']",2,4,37956,JLCPCB,nominal quantity available; assembly allowance unverified,https://jlcpcb.com/parts/componentSearch?searchTxt=C144710
C2091111,"['R28', 'R29', 'R30']",3,6,17614,JLCPCB,nominal quantity available; assembly allowance unverified,https://jlcpcb.com/parts/componentSearch?searchTxt=C2091111
C25741,"['R32', 'R38', 'R39']",3,6,8241397,JLCPCB,nominal quantity available; assembly allowance unverified,https://jlcpcb.com/parts/componentSearch?searchTxt=C25741
C137960,['R34'],1,2,5674059,JLCPCB,nominal quantity available; assembly allowance unverified,https://jlcpcb.com/parts/componentSearch?searchTxt=C137960
C25744,"['R35', 'R36', 'R37']",3,6,21715795,JLCPCB,nominal quantity available; assembly allowance unverified,https://jlcpcb.com/parts/componentSearch?searchTxt=C25744
C25804,"['R40', 'R41', 'R42', 'R43', 'R44', 'R45']",6,12,23004534,JLCPCB,nominal quantity available; assembly allowance unverified,https://jlcpcb.com/parts/componentSearch?searchTxt=C25804
C184944,"['U1', 'U4']",2,4,60,JLCPCB,nominal quantity available; assembly allowance unverified,https://jlcpcb.com/parts/componentSearch?searchTxt=C184944
C57639,['U5'],1,2,16123,JLCPCB,nominal quantity available; assembly allowance unverified,https://jlcpcb.com/parts/componentSearch?searchTxt=C57639
C402161,['U7'],1,2,100096,JLCPCB,nominal quantity available; assembly allowance unverified,https://jlcpcb.com/parts/componentSearch?searchTxt=C402161
C496494,['U8'],1,2,1012,JLCPCB,nominal quantity available; assembly allowance unverified,https://jlcpcb.com/parts/componentSearch?searchTxt=C496494
C5240848,['U9'],1,2,1942,JLCPCB,nominal quantity available; assembly allowance unverified,https://jlcpcb.com/parts/componentSearch?searchTxt=C5240848
C2942210,['U10'],1,2,6,JLCPCB,LOW STOCK: 6 displayed for 2 nominal; allowance/orderable check required,https://jlcpcb.com/parts/componentSearch?searchTxt=C2942210
C470892,['U11'],1,2,5974,JLCPCB,nominal quantity available; assembly allowance unverified,https://jlcpcb.com/parts/componentSearch?searchTxt=C470892
C507268,['U12'],1,2,3,JLCPCB,BLOCKED: preorder; 13-day estimate and minimum 41; not live assembly stock,https://jlcpcb.com/parts/componentSearch?searchTxt=C507268
C7836,['U13'],1,2,58465,JLCPCB,nominal quantity available; assembly allowance unverified,https://jlcpcb.com/parts/componentSearch?searchTxt=C7836
C7666,['U14'],1,2,126873,JLCPCB,nominal quantity available; assembly allowance unverified,https://jlcpcb.com/parts/componentSearch?searchTxt=C7666
C596913,['Y1'],1,2,3321,JLCPCB,nominal quantity available; assembly allowance unverified,https://jlcpcb.com/parts/componentSearch?searchTxt=C596913
C504891,['Y2'],1,2,33671,JLCPCB,nominal quantity available; assembly allowance unverified,https://jlcpcb.com/parts/componentSearch?searchTxt=C504891
C12710,"['Y3', 'Y4']",2,4,40,JLCPCB,nominal quantity available; assembly allowance unverified,https://jlcpcb.com/parts/componentSearch?searchTxt=C12710
