Comment,Designator,Footprint,JLCPCB Part #
15p,C1,Capacitor_SMD:C_0603_1608Metric,C107037
15p,C2,Capacitor_SMD:C_0603_1608Metric,C107037
100n,C3,Capacitor_SMD:C_0402_1005Metric,C1525
10u,C4,Capacitor_SMD:C_0805_2012Metric,C15850
100n,C5,Capacitor_SMD:C_0402_1005Metric,C1525
100n,C6,Capacitor_SMD:C_0402_1005Metric,C1525
100n,C7,Capacitor_SMD:C_0402_1005Metric,C1525
CL21B104KBCNNNC,C8,Capacitor_SMD:C_0805_2012Metric,C1711
CL21B104KBCNNNC,C9,Capacitor_SMD:C_0805_2012Metric,C1711
3.9p,C55,Capacitor_SMD:C_0402_1005Metric,C1566
9.1p,C56,Capacitor_SMD:C_0402_1005Metric,C526972
2.2n,C57,Capacitor_SMD:C_0402_1005Metric,C3892498
EEHZA1V470P,C58,Ember_RF:CP_Elec_Panasonic_D_6.3x5.8,C178639
EEHZA1V470P,C59,Ember_RF:CP_Elec_Panasonic_D_6.3x5.8,C178639
1.6p,C60,Capacitor_SMD:C_0402_1005Metric,C161311
100n,C61,Capacitor_SMD:C_0402_1005Metric,C1525
100n,C62,Capacitor_SMD:C_0402_1005Metric,C1525
2.2n,C63,Capacitor_SMD:C_0402_1005Metric,C3892498
9.1p,C64,Capacitor_SMD:C_0402_1005Metric,C526972
10p,C65,Capacitor_SMD:C_0402_1005Metric,C32949
100n,C66,Capacitor_SMD:C_0402_1005Metric,C1525
3.9p,C67,Capacitor_SMD:C_0402_1005Metric,C1566
10u,C68,Capacitor_SMD:C_0805_2012Metric,C2167673
100n,C69,Capacitor_SMD:C_0402_1005Metric,C1525
100n,C70,Capacitor_SMD:C_0402_1005Metric,C1525
100n,C71,Capacitor_SMD:C_0402_1005Metric,C1525
10u,C72,Capacitor_SMD:C_0805_2012Metric,C15850
100n,C73,Capacitor_SMD:C_0402_1005Metric,C1525
10u,C74,Capacitor_SMD:C_0805_2012Metric,C2167673
100n,C75,Capacitor_SMD:C_0402_1005Metric,C1525
10u,C76,Capacitor_SMD:C_0805_2012Metric,C15850
100n,C77,Capacitor_SMD:C_0402_1005Metric,C1525
100n,C78,Capacitor_SMD:C_0402_1005Metric,C1525
10u,C79,Capacitor_SMD:C_0805_2012Metric,C2167673
100n,C80,Capacitor_SMD:C_0402_1005Metric,C1525
8.2p,C81,Capacitor_SMD:C_0402_1005Metric,C1579
100n,C82,Capacitor_SMD:C_0402_1005Metric,C1525
1n,C83,Capacitor_SMD:C_0402_1005Metric,C53547
3.9p,C84,Capacitor_SMD:C_0402_1005Metric,C1566
8.2p,C85,Capacitor_SMD:C_0402_1005Metric,C1579
3.9p,C86,Capacitor_SMD:C_0402_1005Metric,C1566
9.1p,C87,Capacitor_SMD:C_0402_1005Metric,C526972
100n,C88,Capacitor_SMD:C_0402_1005Metric,C1525
1.6p,C89,Capacitor_SMD:C_0402_1005Metric,C161311
9.1p,C90,Capacitor_SMD:C_0402_1005Metric,C526972
1.6p,C91,Capacitor_SMD:C_0402_1005Metric,C161311
9.1p,C92,Capacitor_SMD:C_0402_1005Metric,C526972
3.9p,C93,Capacitor_SMD:C_0402_1005Metric,C1566
3.9p,C94,Capacitor_SMD:C_0402_1005Metric,C1566
9.1p,C95,Capacitor_SMD:C_0402_1005Metric,C526972
9.1p,C96,Capacitor_SMD:C_0402_1005Metric,C526972
3.9p,C97,Capacitor_SMD:C_0402_1005Metric,C1566
1.6p,C98,Capacitor_SMD:C_0402_1005Metric,C161311
CL21B104KBCNNNC,C99,Capacitor_SMD:C_0805_2012Metric,C1711
9.1p,C100,Capacitor_SMD:C_0402_1005Metric,C526972
3.9p,C101,Capacitor_SMD:C_0402_1005Metric,C1566
100p,C102,Capacitor_SMD:C_0402_1005Metric,C1546
1u,C103,Capacitor_SMD:C_0603_1608Metric,C29936
1u,C104,Capacitor_SMD:C_0603_1608Metric,C29936
100n,C105,Capacitor_SMD:C_0402_1005Metric,C1525
100n,C106,Capacitor_SMD:C_0402_1005Metric,C1525
CC0603KRX7R9BB104,C107,Capacitor_SMD:C_0603_1608Metric,C14663
CC0603KRX7R9BB104,C108,Capacitor_SMD:C_0603_1608Metric,C14663
CC0603KRX7R9BB104,C109,Capacitor_SMD:C_0603_1608Metric,C14663
CC0603KRX7R9BB104,C110,Capacitor_SMD:C_0603_1608Metric,C14663
CC0603KRX7R9BB104,C111,Capacitor_SMD:C_0603_1608Metric,C14663
CC0603KRX7R9BB104,C112,Capacitor_SMD:C_0603_1608Metric,C14663
CC0603KRX7R9BB104,C113,Capacitor_SMD:C_0603_1608Metric,C14663
CC0603KRX7R9BB104,C114,Capacitor_SMD:C_0603_1608Metric,C14663
CL05B104KO5NNNC,C115,Capacitor_SMD:C_0402_1005Metric,C1525
0603B103K500NT,C116,Capacitor_SMD:C_0603_1608Metric,C57112
CL10A105KB8NNNC,C117,Capacitor_SMD:C_0603_1608Metric,C15849
CL10A105KB8NNNC,C118,Capacitor_SMD:C_0603_1608Metric,C15849
LED,D9,LED_SMD:LED_0603_1608Metric,C5875738
LED,D10,LED_SMD:LED_0603_1608Metric,C5875738
LED,D11,LED_SMD:LED_0603_1608Metric,C5875738
LTST-C190KGKT,D12,LED_SMD:LED_0603_1608Metric,C125094
LTST-C190KGKT,D13,LED_SMD:LED_0603_1608Metric,C125094
D_Schottky,D14,Diode_SMD:D_SMA,C2480
"PESD5V0F1BLD,315",D15,Diode_SMD:D_SOD-882D,C478204
734151471,J9,Connector_Coaxial:MMCX_Molex_73415-1471_Vertical,C588477
LQW15AN10NG00D,L12,Inductor_SMD:L_0402_1005Metric,C90642
LQW15AN10NG00D,L13,Inductor_SMD:L_0402_1005Metric,C90642
220n,L15,Inductor_SMD:L_0805_2012Metric,C337958
0805HP-221XGRC,L16,Ember_RF:L_Coilcraft_0805HP,C40877572
15n,L17,Inductor_SMD:L_0402_1005Metric,C39750903
15n,L18,Inductor_SMD:L_0402_1005Metric,C39750903
LQW15AN10NG00D,L19,Inductor_SMD:L_0402_1005Metric,C90642
LQW15AN10NG00D,L20,Inductor_SMD:L_0402_1005Metric,C90642
LQW15AN10NG00D,L21,Inductor_SMD:L_0402_1005Metric,C90642
LQW15AN10NG00D,L22,Inductor_SMD:L_0402_1005Metric,C90642
LQW15AN10NG00D,L23,Inductor_SMD:L_0402_1005Metric,C90642
LQW15AN10NG00D,L24,Inductor_SMD:L_0402_1005Metric,C90642
2SC3356,Q3,Package_TO_SOT_SMD:SOT-23,C193010
2SC3356,Q4,Package_TO_SOT_SMD:SOT-23,C193010
4.7k,R1,Resistor_SMD:R_0402_1005Metric,C25900
4.7k,R2,Resistor_SMD:R_0402_1005Metric,C25900
0R,R3,Resistor_SMD:R_0402_1005Metric,C60485
0R,R4,Resistor_SMD:R_0402_1005Metric,C60485
0805W8F1200T5E,R5,Resistor_SMD:R_0805_2012Metric,C17437
0805W8F1200T5E,R6,Resistor_SMD:R_0805_2012Metric,C17437
22k,R20,Resistor_SMD:R_0402_1005Metric,C4230864
22k,R21,Resistor_SMD:R_0402_1005Metric,C4230864
330,R22,Resistor_SMD:R_0402_1005Metric,C71626
330,R23,Resistor_SMD:R_0402_1005Metric,C71626
330,R24,Resistor_SMD:R_0402_1005Metric,C71626
100R,R25,Resistor_SMD:R_0402_1005Metric,C844713
0402WGF1001TCE,R26,Resistor_SMD:R_0402_1005Metric,C11702
47k,R27,Resistor_SMD:R_0402_1005Metric,C144710
10k,R28,Resistor_SMD:R_0402_1005Metric,C2091111
10k,R29,Resistor_SMD:R_0402_1005Metric,C2091111
10k,R30,Resistor_SMD:R_0402_1005Metric,C2091111
0402WGF1001TCE,R31,Resistor_SMD:R_0402_1005Metric,C11702
100k,R32,Resistor_SMD:R_0402_1005Metric,C25741
47k,R33,Resistor_SMD:R_0402_1005Metric,C144710
51,R34,Resistor_SMD:R_0402_1005Metric,C137960
10k,R35,Resistor_SMD:R_0402_1005Metric,C25744
10k,R36,Resistor_SMD:R_0402_1005Metric,C25744
10k,R37,Resistor_SMD:R_0402_1005Metric,C25744
100k,R38,Resistor_SMD:R_0402_1005Metric,C25741
100k,R39,Resistor_SMD:R_0402_1005Metric,C25741
0603WAF1002T5E,R40,Resistor_SMD:R_0603_1608Metric,C25804
0603WAF1002T5E,R41,Resistor_SMD:R_0603_1608Metric,C25804
0603WAF1002T5E,R42,Resistor_SMD:R_0603_1608Metric,C25804
0603WAF1002T5E,R43,Resistor_SMD:R_0603_1608Metric,C25804
0603WAF1002T5E,R44,Resistor_SMD:R_0603_1608Metric,C25804
0603WAF1002T5E,R45,Resistor_SMD:R_0603_1608Metric,C25804
0603WAF4703T5E,R46,Resistor_SMD:R_0603_1608Metric,C23178
MCP25625-E/SS,U1,Package_SO:SSOP-28_5.3x10.2mm_P0.65mm,C184944
MCP25625-E/SS,U4,Package_SO:SSOP-28_5.3x10.2mm_P0.65mm,C184944
MCP6022-I/SN,U5,Package_SO:SOIC-8_3.9x4.9mm_P1.27mm,C57639
SN74LVC1G86DBVR,U7,Package_TO_SOT_SMD:SOT-23-5,C402161
ADL5602ARKZ-R7,U8,Package_TO_SOT_SMD:SOT-89-3,C496494
PSA4-5043+,U9,Ember_RF:PSA4-5043_MMM1362,C5240848
ADE-1+,U10,RF_Mini-Circuits:Mini-Circuits_CD542_LandPatternPL-052,C2942210
4259-63,U11,Package_TO_SOT_SMD:SOT-363_SC-70-6,C470892
TLV73330PDBVR,U12,Package_TO_SOT_SMD:SOT-23-5,C882826
SN74LVC1G17DBVR,U13,Package_TO_SOT_SMD:SOT-23-5,C7836
SN74LVC1G08DBVR,U14,Package_TO_SOT_SMD:SOT-23-5,C7666
LM73100RPWR,U15,Ember_RF:Texas_RPW0010A_VQFN-HR-10_2x2mm,C3210761
ABM8G-25.000MHZ-B4Y-T,Y1,Crystal:Crystal_SMD_3225-4Pin_3.2x2.5mm,C596913
Si5351A-B-GT,Y2,Package_SO:MSOP-10_3x3mm_P0.5mm,C504891
SIT8008AI-82-33E-16.000000Y,Y3,Oscillator:Oscillator_SMD_SiT_PQFN-4Pin_7.0x5.0mm,C12710
SIT8008AI-82-33E-16.000000Y,Y4,Oscillator:Oscillator_SMD_SiT_PQFN-4Pin_7.0x5.0mm,C12710
