Ref,Val,Package,PosX,PosY,Rot,Side
"C1","15p","C_0603_1608Metric",153.421800,-119.259200,-90.000000,top
"C2","15p","C_0603_1608Metric",147.781400,-119.207200,-90.000000,top
"C3","100n","C_0402_1005Metric",153.675800,-124.033200,180.000000,top
"C4","10u","C_0805_2012Metric",155.098200,-121.950400,0.000000,top
"C5","100n","C_0402_1005Metric",150.196000,-129.392600,-90.000000,top
"C6","100n","C_0402_1005Metric",147.763600,-124.843600,180.000000,top
"C7","100n","C_0402_1005Metric",154.000000,-126.751000,0.000000,top
"C8","100nF","C_0805_2012Metric",125.200000,-72.775000,180.000000,top
"C9","100nF","C_0805_2012Metric",158.200000,-72.775000,180.000000,top
"C55","3.9p","C_0402_1005Metric",146.123600,-131.963600,0.000000,top
"C56","9.1p","C_0402_1005Metric",148.643600,-132.443600,-90.000000,top
"C57","2.2n","C_0402_1005Metric",170.800000,-127.400000,90.000000,top
"C58","47u","CP_Elec_Panasonic_D_6.3x5.8",125.263600,-108.843600,90.000000,top
"C59","47u","CP_Elec_Panasonic_D_6.3x5.8",121.867000,-98.633200,90.000000,top
"C60","1.6p","C_0402_1005Metric",149.173600,-130.963600,0.000000,top
"C61","100n","C_0402_1005Metric",123.200000,-116.450000,90.000000,top
"C62","100n","C_0402_1005Metric",126.094506,-101.773814,-90.000000,top
"C63","2.2n","C_0402_1005Metric",175.078360,-129.011600,0.000000,top
"C64","9.1p","C_0402_1005Metric",150.723600,-132.453600,-90.000000,top
"C65","10p","C_0402_1005Metric",139.483600,-116.863600,-90.000000,top
"C66","100n","C_0402_1005Metric",145.750000,-121.000000,0.000000,top
"C67","3.9p","C_0402_1005Metric",152.213600,-131.973600,0.000000,top
"C68","10u","C_0805_2012Metric",117.013600,-107.343600,90.000000,top
"C69","100n","C_0402_1005Metric",177.752090,-123.027120,-90.000000,top
"C70","100n","C_0402_1005Metric",115.513600,-106.600000,90.000000,top
"C71","100n","C_0402_1005Metric",132.907606,-121.175612,0.000000,top
"C72","10u","C_0805_2012Metric",179.500000,-118.800000,90.000000,top
"C73","100n","C_0402_1005Metric",139.273600,-119.893600,0.000000,top
"C74","10u","C_0805_2012Metric",117.013600,-101.093600,-90.000000,top
"C75","100n","C_0402_1005Metric",158.900000,-131.750000,0.000000,top
"C76","10u","C_0805_2012Metric",135.032606,-119.350612,180.000000,top
"C77","100n","C_0402_1005Metric",159.718480,-125.173290,180.000000,top
"C78","100n","C_0402_1005Metric",115.513600,-101.823600,-90.000000,top
"C79","10u","C_0805_2012Metric",158.626280,-127.103690,180.000000,top
"C80","100n","C_0402_1005Metric",144.263600,-120.983600,-90.000000,top
"C81","8.2p","C_0402_1005Metric",142.993600,-124.883600,-90.000000,top
"C82","100n","C_0402_1005Metric",154.100000,-116.300000,0.000000,top
"C83","1n","C_0402_1005Metric",157.300000,-120.250000,180.000000,top
"C84","3.9p","C_0402_1005Metric",131.769394,-123.366100,-135.000000,top
"C85","8.2p","C_0402_1005Metric",155.350000,-117.600000,180.000000,top
"C86","3.9p","C_0402_1005Metric",161.200000,-116.300000,0.000000,top
"C87","9.1p","C_0402_1005Metric",130.864394,-126.086100,180.000000,top
"C88","100n","C_0402_1005Metric",172.000000,-119.900000,-90.000000,top
"C89","1.6p","C_0402_1005Metric",132.339662,-126.577888,-90.000000,top
"C90","9.1p","C_0402_1005Metric",162.700000,-116.780000,-90.000000,top
"C91","1.6p","C_0402_1005Metric",165.500000,-116.300000,0.000000,top
"C92","9.1p","C_0402_1005Metric",130.869794,-128.158500,180.000000,top
"C93","3.9p","C_0402_1005Metric",142.273600,-123.018600,-90.000000,top
"C94","3.9p","C_0402_1005Metric",132.359394,-128.626100,-90.000000,top
"C95","9.1p","C_0402_1005Metric",166.900000,-116.780000,-90.000000,top
"C96","9.1p","C_0402_1005Metric",139.428600,-125.643600,180.000000,top
"C97","3.9p","C_0402_1005Metric",169.700000,-116.300000,0.000000,top
"C98","1.6p","C_0402_1005Metric",140.928600,-126.100893,-90.000000,top
"C99","100n","C_0805_2012Metric",163.300000,-127.400000,180.000000,top
"C100","9.1p","C_0402_1005Metric",139.456281,-127.750893,180.000000,top
"C101","3.9p","C_0402_1005Metric",139.473600,-128.793600,180.000000,top
"C102","100p","C_0402_1005Metric",135.801100,-132.783600,-90.000000,top
"C103","1u","C_0603_1608Metric",127.023546,-131.758594,180.000000,top
"C104","1u","C_0603_1608Metric",127.213546,-129.958594,180.000000,top
"C105","100n","C_0402_1005Metric",138.993600,-135.123600,0.000000,top
"C106","100n","C_0402_1005Metric",134.054900,-134.917200,-90.000000,top
"C107","100nF","C_0603_1608Metric",139.000000,-78.625000,0.000000,top
"C108","100nF","C_0603_1608Metric",139.000000,-73.425000,0.000000,top
"C109","100nF","C_0603_1608Metric",119.460000,-75.300000,0.000000,top
"C110","100nF","C_0603_1608Metric",145.500000,-76.500000,0.000000,top
"C111","100nF","C_0603_1608Metric",172.000000,-78.625000,0.000000,top
"C112","100nF","C_0603_1608Metric",172.000000,-73.425000,0.000000,top
"C113","100nF","C_0603_1608Metric",152.459999,-75.300000,0.000000,top
"C114","100nF","C_0603_1608Metric",178.500000,-76.500000,0.000000,top
"C115","100n","C_0402_1005Metric",145.850000,-122.850000,90.000000,top
"C116","10nF","C_0603_1608Metric",117.000000,-111.900000,180.000000,top
"C117","1uF","C_0603_1608Metric",119.700000,-106.000000,0.000000,top
"C118","1uF","C_0603_1608Metric",120.000000,-112.800000,0.000000,top
"D9","LED","LED_0603_1608Metric",148.513600,-87.843600,0.000000,top
"D10","LED","LED_0603_1608Metric",152.763600,-87.843600,0.000000,top
"D11","LED","LED_0603_1608Metric",144.513600,-87.843600,0.000000,top
"D12","Green","LED_0603_1608Metric",127.418600,-98.987400,-90.000000,top
"D13","Green","LED_0603_1608Metric",124.171000,-119.207000,90.000000,top
"D14","D_Schottky","D_SMA",184.299200,-117.699000,0.000000,top
"D15","PESD5V0F1BLD","D_SOD-882D",134.443600,-132.413600,0.000000,top
"H1","Conn_02x26_Odd_Even","Samtec_ESQ-126-39-G-D_2x26_P2.54mm",111.943600,-104.373600,180.000000,top
"H2","Conn_02x26_Odd_Even","Samtec_ESQ-126-39-G-D_2x26_P2.54mm",106.863600,-104.373600,180.000000,top
"J6","Conn_01x20","PinHeader_1x20_P2.54mm_Vertical",184.643600,-96.113600,-90.000000,top
"J7","Conn_01x20","PinHeader_1x20_P2.54mm_Vertical",184.643600,-113.893600,-90.000000,top
"J8","Conn_01x20","PinHeader_1x20_P2.54mm_Vertical",190.513600,-129.133600,180.000000,top
"J9","Conn_Coaxial_Small","MMCX_Molex_73415-1471_Vertical",135.204383,-129.413600,90.000000,top
"JP1","Jumper_2_Open","PinHeader_1x02_P2.54mm_Vertical",117.988600,-136.593600,90.000000,top
"JP2","Jumper_2_Open","PinHeader_1x02_P2.54mm_Vertical",118.071626,-121.188800,90.000000,top
"L12","10n","L_0402_1005Metric",147.613600,-132.448600,-90.000000,top
"L13","10n","L_0402_1005Metric",149.683600,-132.458600,-90.000000,top
"L15","220n","L_0805_2012Metric",136.107606,-121.175612,0.000000,top
"L16","220n","L_Coilcraft_0805HP",158.300000,-129.550000,0.000000,top
"L17","15n","L_0402_1005Metric",142.760000,-121.500000,180.000000,top
"L18","15n","L_0402_1005Metric",156.000000,-116.300000,0.000000,top
"L19","10n","L_0402_1005Metric",130.828600,-125.047312,180.000000,top
"L20","10n","L_0402_1005Metric",164.100000,-116.785000,-90.000000,top
"L21","10n","L_0402_1005Metric",130.870851,-127.107654,180.000000,top
"L22","10n","L_0402_1005Metric",168.300000,-116.785000,-90.000000,top
"L23","10n","L_0402_1005Metric",139.427241,-124.595905,180.000000,top
"L24","10n","L_0402_1005Metric",139.408000,-126.701588,180.000000,top
"Q3","2SC3356","SOT-23",139.827206,-122.137812,0.000000,top
"Q4","2SC3356","SOT-23",158.300000,-117.950000,180.000000,top
"R1","4.7k","R_0402_1005Metric",152.084400,-116.514800,180.000000,top
"R2","4.7k","R_0402_1005Metric",149.595200,-116.286200,180.000000,top
"R3","0R","R_0402_1005Metric",147.263600,-123.343600,90.000000,top
"R4","0R","R_0402_1005Metric",154.395000,-125.608000,0.000000,top
"R5","120R","R_0805_2012Metric",119.263600,-139.343600,0.000000,top
"R6","120R","R_0805_2012Metric",119.263600,-124.093600,0.000000,top
"R20","22k","R_0402_1005Metric",171.100000,-129.087799,0.000000,top
"R21","22k","R_0402_1005Metric",173.053560,-129.087800,0.000000,top
"R22","330","R_0402_1005Metric",147.529000,-89.743200,-90.000000,top
"R23","330","R_0402_1005Metric",151.847000,-89.616200,-90.000000,top
"R24","330","R_0402_1005Metric",143.668200,-89.946400,-90.000000,top
"R25","100R","R_0402_1005Metric",138.490600,-116.835400,90.000000,top
"R26","1k","R_0402_1005Metric",127.259800,-101.816200,90.000000,top
"R27","47k","R_0402_1005Metric",137.773600,-119.393600,90.000000,top
"R28","10k","R_0402_1005Metric",176.177290,-119.662420,-90.000000,top
"R29","10k","R_0402_1005Metric",177.675890,-120.890610,-90.000000,top
"R30","10k","R_0402_1005Metric",175.000000,-118.800000,90.000000,top
"R31","1k","R_0402_1005Metric",124.237200,-116.450000,-90.000000,top
"R32","100k","R_0402_1005Metric",173.950890,-120.378120,180.000000,top
"R33","47k","R_0402_1005Metric",155.300000,-119.600000,180.000000,top
"R34","51","R_0402_1005Metric",159.688460,-121.437170,90.000000,top
"R35","10k","R_0402_1005Metric",142.733600,-132.493600,90.000000,top
"R36","10k","R_0402_1005Metric",137.521100,-134.823600,-90.000000,top
"R37","10k","R_0402_1005Metric",127.883546,-128.754988,180.000000,top
"R38","100k","R_0402_1005Metric",170.989494,-131.228652,0.000000,top
"R39","100k","R_0402_1005Metric",173.023600,-131.333600,180.000000,top
"R40","10k","R_0603_1608Metric",140.000000,-82.500000,180.000000,top
"R41","10k","R_0603_1608Metric",125.200000,-75.375000,0.000000,top
"R42","10k","R_0603_1608Metric",142.000000,-76.500000,180.000000,top
"R43","10k","R_0603_1608Metric",173.000000,-82.500000,180.000000,top
"R44","10k","R_0603_1608Metric",158.200000,-75.375000,0.000000,top
"R45","10k","R_0603_1608Metric",175.000000,-76.500000,180.000000,top
"R46","470k","R_0603_1608Metric",120.000000,-104.400000,0.000000,top
"TP1","TestPoint","TestPoint_Pad_D1.0mm",145.763600,-125.093600,0.000000,top
"TP2","TestPoint","TestPoint_Pad_D1.0mm",136.973600,-116.673600,0.000000,top
"TP3","TestPoint","TestPoint_Pad_D1.0mm",144.023600,-123.143600,0.000000,top
"TP4","TestPoint","TestPoint_Pad_D1.0mm",139.043600,-130.253600,0.000000,top
"TP5","TestPoint","TestPoint_Pad_D1.0mm",169.013600,-129.343600,0.000000,top
"TP6","TestPoint","TestPoint_Pad_D1.0mm",172.000000,-117.400000,180.000000,top
"U1","MCP25625-E/SS","SSOP-28_5.3x10.2mm_P0.65mm",132.000000,-77.000000,0.000000,top
"U4","MCP25625-E/SS","SSOP-28_5.3x10.2mm_P0.65mm",165.000000,-77.000000,0.000000,top
"U5","MCP6022","SOIC-8_3.9x4.9mm_P1.27mm",174.119890,-124.696120,90.000000,top
"U7","74LVC1G86","SOT-23-5",145.200000,-117.750000,-90.000000,top
"U8","ADL5602ARKZ-R7","SOT-89-3",135.044458,-124.529754,180.000000,top
"U9","PSA4-5043+","PSA4-5043_MMM1362",154.500000,-130.800000,-90.000000,top
"U10","ADE-1+","Mini-Circuits_CD542_LandPatternPL-052",165.763600,-122.133600,0.000000,top
"U11","PE4259","SOT-363_SC-70-6",135.781100,-135.313600,90.000000,top
"U12","TLV73330PDBVR","SOT-23-5",130.389946,-130.671100,90.000000,top
"U13","SN74LVC1G17DBVR","SOT-23-5",140.183600,-132.956100,180.000000,top
"U14","SN74LVC1G08DBVR","SOT-23-5",141.674800,-118.354000,-90.000000,top
"U15","LM73100RPWR","Texas_RPW0010A_VQFN-HR-10_2x2mm",120.000000,-109.000000,-90.000000,top
"Y1","25MHz","Crystal_SMD_3225-4Pin_3.2x2.5mm",150.348400,-119.207200,90.000000,top
"Y2","Si5351A-B-GT","MSOP-10_3x3mm_P0.5mm",150.780200,-125.176200,-90.000000,top
"Y3","16MHz","Oscillator_SMD_SiT_PQFN-4Pin_7.0x5.0mm",122.000000,-79.880000,0.000000,top
"Y4","16MHz","Oscillator_SMD_SiT_PQFN-4Pin_7.0x5.0mm",155.000000,-79.880000,0.000000,top
