"Start Time (UTCG)","Stop Time (UTCG)","Duration (sec)","Start Time (UTCG)","Stop Time (UTCG)","Duration (sec)","Start Time (UTCG)","Stop Time (UTCG)","Duration (sec)"
21 Mar 2027 00:00:00.000,21 Mar 2027 00:09:16.909,556.909,21 Mar 2027 00:09:16.909,21 Mar 2027 00:09:26.194,9.285,21 Mar 2027 00:09:26.194,21 Mar 2027 00:43:59.947,2073.753
21 Mar 2027 00:44:09.331,21 Mar 2027 01:42:04.066,3474.735,21 Mar 2027 00:43:59.947,21 Mar 2027 00:44:09.331,9.383,21 Mar 2027 01:42:13.374,21 Mar 2027 02:16:45.545,2072.170
21 Mar 2027 02:16:54.953,21 Mar 2027 03:14:51.253,3476.300,21 Mar 2027 01:42:04.066,21 Mar 2027 01:42:13.374,9.308,21 Mar 2027 03:15:00.585,21 Mar 2027 03:49:31.151,2070.567
21 Mar 2027 03:49:40.584,21 Mar 2027 04:47:38.470,3477.886,21 Mar 2027 02:16:45.545,21 Mar 2027 02:16:54.953,9.408,21 Mar 2027 04:47:47.825,21 Mar 2027 05:22:16.773,2068.948
21 Mar 2027 05:22:26.234,21 Mar 2027 06:20:25.717,3479.483,21 Mar 2027 03:14:51.253,21 Mar 2027 03:15:00.585,9.332,21 Mar 2027 06:20:35.096,21 Mar 2027 06:55:02.408,2067.312
21 Mar 2027 06:55:11.891,21 Mar 2027 07:53:12.994,3481.103,21 Mar 2027 03:49:31.151,21 Mar 2027 03:49:40.584,9.433,21 Mar 2027 07:53:22.398,21 Mar 2027 08:27:48.056,2065.658
21 Mar 2027 08:27:57.567,21 Mar 2027 09:26:00.303,3482.735,21 Mar 2027 04:47:38.470,21 Mar 2027 04:47:47.825,9.355,21 Mar 2027 09:26:09.731,21 Mar 2027 10:00:33.720,2063.989
21 Mar 2027 10:00:43.251,21 Mar 2027 10:58:47.642,3484.390,21 Mar 2027 05:22:16.773,21 Mar 2027 05:22:26.234,9.460,21 Mar 2027 10:58:57.094,21 Mar 2027 11:33:19.394,2062.300
21 Mar 2027 11:33:28.952,21 Mar 2027 12:31:35.012,3486.060,21 Mar 2027 06:20:25.717,21 Mar 2027 06:20:35.096,9.379,21 Mar 2027 12:31:44.490,21 Mar 2027 13:06:05.080,2060.590
21 Mar 2027 13:06:14.668,21 Mar 2027 14:04:22.414,3487.746,21 Mar 2027 06:55:02.408,21 Mar 2027 06:55:11.891,9.483,21 Mar 2027 14:04:31.917,21 Mar 2027 14:38:50.786,2058.869
21 Mar 2027 14:39:00.397,21 Mar 2027 15:37:09.848,3489.450,21 Mar 2027 07:53:12.994,21 Mar 2027 07:53:22.398,9.404,21 Mar 2027 15:37:19.377,21 Mar 2027 16:11:36.500,2057.124
21 Mar 2027 16:11:46.145,21 Mar 2027 17:09:57.313,3491.168,21 Mar 2027 08:27:48.056,21 Mar 2027 08:27:57.567,9.511,21 Mar 2027 17:10:06.868,21 Mar 2027 17:44:22.233,2055.365
21 Mar 2027 17:44:31.902,21 Mar 2027 18:42:44.811,3492.909,21 Mar 2027 09:26:00.303,21 Mar 2027 09:26:09.731,9.428,21 Mar 2027 18:42:54.393,21 Mar 2027 19:17:07.983,2053.591
21 Mar 2027 19:17:17.680,21 Mar 2027 20:15:32.342,3494.662,21 Mar 2027 10:00:33.720,21 Mar 2027 10:00:43.251,9.532,21 Mar 2027 20:15:41.950,21 Mar 2027 20:49:53.744,2051.794
21 Mar 2027 20:50:03.469,21 Mar 2027 21:48:19.906,3496.437,21 Mar 2027 10:58:47.642,21 Mar 2027 10:58:57.094,9.453,21 Mar 2027 21:48:29.540,21 Mar 2027 22:22:39.526,2049.986
21 Mar 2027 22:22:49.276,21 Mar 2027 23:21:07.502,3498.226,21 Mar 2027 11:33:19.394,21 Mar 2027 11:33:28.952,9.558,21 Mar 2027 23:21:17.164,21 Mar 2027 23:55:25.322,2048.158
21 Mar 2027 23:55:35.101,22 Mar 2027 00:53:55.132,3500.032,21 Mar 2027 12:31:35.012,21 Mar 2027 12:31:44.490,9.478,22 Mar 2027 00:54:04.822,22 Mar 2027 01:28:11.131,2046.309
22 Mar 2027 01:28:20.942,22 Mar 2027 02:26:42.796,3501.854,21 Mar 2027 13:06:05.080,21 Mar 2027 13:06:14.668,9.588,22 Mar 2027 02:26:52.513,22 Mar 2027 03:00:56.960,2044.447
22 Mar 2027 03:01:06.803,22 Mar 2027 03:59:30.494,3503.691,21 Mar 2027 14:04:22.414,21 Mar 2027 14:04:31.917,9.503,22 Mar 2027 03:59:40.239,22 Mar 2027 04:33:42.806,2042.567
22 Mar 2027 04:33:52.676,22 Mar 2027 05:32:18.226,3505.550,21 Mar 2027 14:38:50.786,21 Mar 2027 14:39:00.397,9.612,22 Mar 2027 05:32:27.999,22 Mar 2027 06:06:28.670,2040.671
22 Mar 2027 06:06:38.570,22 Mar 2027 07:05:05.992,3507.422,21 Mar 2027 15:37:09.848,21 Mar 2027 15:37:19.377,9.529,22 Mar 2027 07:05:15.794,22 Mar 2027 07:39:14.555,2038.761
22 Mar 2027 07:39:24.482,22 Mar 2027 08:37:53.793,3509.311,21 Mar 2027 16:11:36.500,21 Mar 2027 16:11:46.145,9.645,22 Mar 2027 08:38:03.624,22 Mar 2027 09:12:00.453,2036.829
22 Mar 2027 09:12:10.413,22 Mar 2027 10:10:41.629,3511.216,21 Mar 2027 17:09:57.313,21 Mar 2027 17:10:06.868,9.555,22 Mar 2027 10:10:51.489,22 Mar 2027 10:44:46.374,2034.885
22 Mar 2027 10:44:56.363,22 Mar 2027 11:43:29.500,3513.137,21 Mar 2027 17:44:22.233,21 Mar 2027 17:44:31.902,9.669,22 Mar 2027 11:43:39.392,22 Mar 2027 12:17:32.310,2032.918
22 Mar 2027 12:17:42.332,22 Mar 2027 13:16:17.407,3515.074,21 Mar 2027 18:42:44.811,21 Mar 2027 18:42:54.393,9.581,22 Mar 2027 13:16:27.328,22 Mar 2027 13:50:18.268,2030.940
22 Mar 2027 13:50:28.325,22 Mar 2027 14:49:05.351,3517.026,21 Mar 2027 19:17:07.983,21 Mar 2027 19:17:17.680,9.697,22 Mar 2027 14:49:15.301,22 Mar 2027 15:23:04.246,2028.945
22 Mar 2027 15:23:14.331,22 Mar 2027 16:21:53.329,3518.999,21 Mar 2027 20:15:32.342,21 Mar 2027 20:15:41.950,9.608,22 Mar 2027 16:22:03.309,22 Mar 2027 16:55:50.243,2026.934
22 Mar 2027 16:56:00.361,22 Mar 2027 17:54:41.344,3520.983,21 Mar 2027 20:49:53.744,21 Mar 2027 20:50:03.469,9.725,22 Mar 2027 17:54:51.354,22 Mar 2027 18:28:36.262,2024.908
22 Mar 2027 18:28:46.411,22 Mar 2027 19:27:29.394,3522.983,21 Mar 2027 21:48:19.906,21 Mar 2027 21:48:29.540,9.635,22 Mar 2027 19:27:39.436,22 Mar 2027 20:01:22.301,2022.866
22 Mar 2027 20:01:32.483,22 Mar 2027 21:00:17.482,3524.998,21 Mar 2027 22:22:39.526,21 Mar 2027 22:22:49.276,9.750,22 Mar 2027 21:00:27.554,22 Mar 2027 21:34:08.362,2020.808
22 Mar 2027 21:34:18.577,22 Mar 2027 22:33:05.606,3527.028,21 Mar 2027 23:21:07.502,21 Mar 2027 23:21:17.164,9.662,22 Mar 2027 22:33:15.710,22 Mar 2027 23:06:54.445,2018.735
22 Mar 2027 23:07:04.693,23 Mar 2027 00:05:53.767,3529.074,21 Mar 2027 23:55:25.322,21 Mar 2027 23:55:35.101,9.779,23 Mar 2027 00:06:03.903,23 Mar 2027 00:39:40.550,2016.647
23 Mar 2027 00:39:50.831,23 Mar 2027 01:38:41.965,3531.134,22 Mar 2027 00:53:55.132,22 Mar 2027 00:54:04.822,9.689,23 Mar 2027 01:38:52.133,23 Mar 2027 02:12:26.677,2014.544
23 Mar 2027 02:12:36.992,23 Mar 2027 03:11:30.201,3533.208,22 Mar 2027 01:28:11.131,22 Mar 2027 01:28:20.942,9.811,23 Mar 2027 03:11:40.401,23 Mar 2027 03:45:12.828,2012.426
23 Mar 2027 03:45:23.176,23 Mar 2027 04:44:18.474,3535.297,22 Mar 2027 02:26:42.796,22 Mar 2027 02:26:52.513,9.717,23 Mar 2027 04:44:28.707,23 Mar 2027 05:17:59.001,2010.294
23 Mar 2027 05:18:09.384,23 Mar 2027 06:17:06.785,3537.400,22 Mar 2027 03:00:56.960,22 Mar 2027 03:01:06.803,9.843,23 Mar 2027 06:17:17.051,23 Mar 2027 06:50:45.199,2008.148
23 Mar 2027 06:50:55.617,23 Mar 2027 07:49:55.134,3539.517,22 Mar 2027 03:59:30.494,22 Mar 2027 03:59:40.239,9.745,23 Mar 2027 07:50:05.433,23 Mar 2027 08:23:31.421,2005.987
23 Mar 2027 08:23:41.873,23 Mar 2027 09:22:43.521,3541.648,22 Mar 2027 04:33:42.806,22 Mar 2027 04:33:52.676,9.870,23 Mar 2027 09:22:53.854,23 Mar 2027 09:56:17.667,2003.813
23 Mar 2027 09:56:28.154,23 Mar 2027 10:55:31.947,3543.792,22 Mar 2027 05:32:18.226,22 Mar 2027 05:32:27.999,9.773,23 Mar 2027 10:55:42.314,23 Mar 2027 11:29:03.938,2001.625
23 Mar 2027 11:29:14.461,23 Mar 2027 12:28:20.411,3545.950,22 Mar 2027 06:06:28.670,22 Mar 2027 06:06:38.570,9.900,23 Mar 2027 12:28:30.812,23 Mar 2027 13:01:50.235,1999.424
23 Mar 2027 13:02:00.794,23 Mar 2027 14:01:08.914,3548.120,22 Mar 2027 07:05:05.992,22 Mar 2027 07:05:15.794,9.802,23 Mar 2027 14:01:19.349,23 Mar 2027 14:34:36.558,1997.209
23 Mar 2027 14:34:47.152,23 Mar 2027 15:33:57.455,3550.303,22 Mar 2027 07:39:14.555,22 Mar 2027 07:39:24.482,9.927,23 Mar 2027 15:34:07.925,23 Mar 2027 16:07:22.907,1994.982
23 Mar 2027 16:07:33.537,23 Mar 2027 17:06:46.035,3552.498,22 Mar 2027 08:37:53.793,22 Mar 2027 08:38:03.624,9.831,23 Mar 2027 17:06:56.540,23 Mar 2027 17:40:09.283,1992.743
23 Mar 2027 17:40:19.950,23 Mar 2027 18:39:34.655,3554.705,22 Mar 2027 09:12:00.453,22 Mar 2027 09:12:10.413,9.960,23 Mar 2027 18:39:45.195,23 Mar 2027 19:12:55.686,1990.492
23 Mar 2027 19:13:06.389,23 Mar 2027 20:12:23.313,3556.924,22 Mar 2027 10:10:41.629,22 Mar 2027 10:10:51.489,9.860,23 Mar 2027 20:12:33.888,23 Mar 2027 20:45:42.117,1988.228
23 Mar 2027 20:45:52.857,23 Mar 2027 21:45:12.011,3559.155,22 Mar 2027 10:44:46.374,22 Mar 2027 10:44:56.363,9.989,23 Mar 2027 21:45:22.622,23 Mar 2027 22:18:28.575,1985.953
23 Mar 2027 22:18:39.353,23 Mar 2027 23:18:00.749,3561.396,22 Mar 2027 11:43:29.500,22 Mar 2027 11:43:39.392,9.892,23 Mar 2027 23:18:11.395,23 Mar 2027 23:51:15.063,1983.667
23 Mar 2027 23:51:25.877,24 Mar 2027 00:50:49.525,3563.648,22 Mar 2027 12:17:32.310,22 Mar 2027 12:17:42.332,10.022,24 Mar 2027 00:51:00.208,24 Mar 2027 01:24:01.579,1981.371
24 Mar 2027 01:24:12.431,24 Mar 2027 02:23:38.342,3565.911,22 Mar 2027 13:16:17.407,22 Mar 2027 13:16:27.328,9.922,24 Mar 2027 02:23:49.061,24 Mar 2027 02:56:48.124,1979.064
24 Mar 2027 02:56:59.014,24 Mar 2027 03:56:27.198,3568.183,22 Mar 2027 13:50:18.268,22 Mar 2027 13:50:28.325,10.057,24 Mar 2027 03:56:37.953,24 Mar 2027 04:29:34.700,1976.747
24 Mar 2027 04:29:45.628,24 Mar 2027 05:29:16.093,3570.466,22 Mar 2027 14:49:05.351,22 Mar 2027 14:49:15.301,9.949,24 Mar 2027 05:29:26.886,24 Mar 2027 06:02:21.306,1974.420
24 Mar 2027 06:02:32.272,24 Mar 2027 07:02:05.029,3572.757,22 Mar 2027 15:23:04.246,22 Mar 2027 15:23:14.331,10.085,24 Mar 2027 07:02:15.858,24 Mar 2027 07:35:07.942,1972.084
24 Mar 2027 07:35:18.947,24 Mar 2027 08:34:54.004,3575.057,22 Mar 2027 16:21:53.329,22 Mar 2027 16:22:03.309,9.980,24 Mar 2027 08:35:04.870,24 Mar 2027 09:07:54.610,1969.740
24 Mar 2027 09:08:05.653,24 Mar 2027 10:07:43.019,3577.366,22 Mar 2027 16:55:50.243,22 Mar 2027 16:56:00.361,10.117,24 Mar 2027 10:07:53.923,24 Mar 2027 10:40:41.310,1967.387
24 Mar 2027 10:40:52.391,24 Mar 2027 11:40:32.073,3579.682,22 Mar 2027 17:54:41.344,22 Mar 2027 17:54:51.354,10.011,24 Mar 2027 11:40:43.015,24 Mar 2027 12:13:28.041,1965.026
24 Mar 2027 12:13:39.162,24 Mar 2027 13:13:21.168,3582.006,22 Mar 2027 18:28:36.262,22 Mar 2027 18:28:46.411,10.150,24 Mar 2027 13:13:32.148,24 Mar 2027 13:46:14.805,1962.658
24 Mar 2027 13:46:25.965,24 Mar 2027 14:46:10.302,3584.337,22 Mar 2027 19:27:29.394,22 Mar 2027 19:27:39.436,10.041,24 Mar 2027 14:46:21.320,24 Mar 2027 15:19:01.603,1960.283
24 Mar 2027 15:19:12.802,24 Mar 2027 16:18:59.476,3586.674,22 Mar 2027 20:01:22.301,22 Mar 2027 20:01:32.483,10.182,24 Mar 2027 16:19:10.532,24 Mar 2027 16:51:48.434,1957.902
24 Mar 2027 16:51:59.672,24 Mar 2027 17:51:48.689,3589.017,22 Mar 2027 21:00:17.482,22 Mar 2027 21:00:27.554,10.073,24 Mar 2027 17:51:59.784,24 Mar 2027 18:24:35.298,1955.514
24 Mar 2027 18:24:46.577,24 Mar 2027 19:24:37.943,3591.366,22 Mar 2027 21:34:08.362,22 Mar 2027 21:34:18.577,10.215,24 Mar 2027 19:24:49.076,24 Mar 2027 19:57:22.198,1953.122
24 Mar 2027 19:57:33.516,24 Mar 2027 20:57:27.235,3593.719,22 Mar 2027 22:33:05.606,22 Mar 2027 22:33:15.710,10.104,24 Mar 2027 20:57:38.408,24 Mar 2027 21:30:09.132,1950.724
24 Mar 2027 21:30:20.490,24 Mar 2027 22:30:16.568,3596.077,22 Mar 2027 23:06:54.445,22 Mar 2027 23:07:04.693,10.248,24 Mar 2027 22:30:27.779,24 Mar 2027 23:02:56.102,1948.323
24 Mar 2027 23:03:07.504,25 Mar 2027 00:03:05.937,3598.433,23 Mar 2027 00:05:53.767,23 Mar 2027 00:06:03.903,10.136,25 Mar 2027 00:03:17.187,25 Mar 2027 00:35:43.107,1945.920
25 Mar 2027 00:35:54.546,25 Mar 2027 01:35:55.350,3600.804,23 Mar 2027 00:39:40.550,23 Mar 2027 00:39:50.831,10.281,25 Mar 2027 01:36:06.640,25 Mar 2027 02:08:30.149,1943.509
25 Mar 2027 02:08:41.628,25 Mar 2027 03:08:44.798,3603.170,23 Mar 2027 01:38:41.965,23 Mar 2027 01:38:52.133,10.168,25 Mar 2027 03:08:56.127,25 Mar 2027 03:41:17.228,1941.101
25 Mar 2027 03:41:28.747,25 Mar 2027 04:41:34.289,3605.541,23 Mar 2027 02:12:26.677,23 Mar 2027 02:12:36.992,10.315,25 Mar 2027 04:41:45.657,25 Mar 2027 05:14:04.344,1938.687
25 Mar 2027 05:14:15.904,25 Mar 2027 06:14:23.816,3607.912,23 Mar 2027 03:11:30.201,23 Mar 2027 03:11:40.401,10.201,25 Mar 2027 06:14:35.225,25 Mar 2027 06:46:51.501,1936.276
25 Mar 2027 06:47:03.101,25 Mar 2027 07:47:13.382,3610.282,23 Mar 2027 03:45:12.828,23 Mar 2027 03:45:23.176,10.349,25 Mar 2027 07:47:24.830,25 Mar 2027 08:19:38.693,1933.862
25 Mar 2027 08:19:50.333,25 Mar 2027 09:20:02.987,3612.653,23 Mar 2027 04:44:18.474,23 Mar 2027 04:44:28.707,10.233,25 Mar 2027 09:20:14.475,25 Mar 2027 09:52:25.923,1931.449
25 Mar 2027 09:52:37.605,25 Mar 2027 10:52:52.629,3615.024,23 Mar 2027 05:17:59.001,23 Mar 2027 05:18:09.384,10.383,25 Mar 2027 10:53:04.157,25 Mar 2027 11:25:13.193,1929.036
25 Mar 2027 11:25:24.915,25 Mar 2027 12:25:42.309,3617.394,23 Mar 2027 06:17:06.785,23 Mar 2027 06:17:17.051,10.266,25 Mar 2027 12:25:53.876,25 Mar 2027 12:58:00.503,1926.627
25 Mar 2027 12:58:12.264,25 Mar 2027 13:58:32.027,3619.763,23 Mar 2027 06:50:45.199,23 Mar 2027 06:50:55.617,10.418,25 Mar 2027 13:58:43.636,25 Mar 2027 14:30:47.852,1924.216
25 Mar 2027 14:30:59.656,25 Mar 2027 15:31:21.782,3622.126,23 Mar 2027 07:49:55.134,23 Mar 2027 07:50:05.433,10.299,25 Mar 2027 15:31:33.431,25 Mar 2027 16:03:35.240,1921.809
25 Mar 2027 16:03:47.087,25 Mar 2027 17:04:11.574,3624.488,23 Mar 2027 08:23:31.421,23 Mar 2027 08:23:41.873,10.452,25 Mar 2027 17:04:23.261,25 Mar 2027 17:36:22.673,1919.412
25 Mar 2027 17:36:34.556,25 Mar 2027 18:37:01.403,3626.847,23 Mar 2027 09:22:43.521,23 Mar 2027 09:22:53.854,10.333,25 Mar 2027 18:37:13.132,25 Mar 2027 19:09:10.145,1917.013
25 Mar 2027 19:09:22.071,25 Mar 2027 20:09:51.268,3629.197,23 Mar 2027 09:56:17.667,23 Mar 2027 09:56:28.154,10.488,25 Mar 2027 20:10:03.035,25 Mar 2027 20:41:57.658,1914.623
25 Mar 2027 20:42:09.626,25 Mar 2027 21:42:41.167,3631.540,23 Mar 2027 10:55:31.947,23 Mar 2027 10:55:42.314,10.367,25 Mar 2027 21:42:52.976,25 Mar 2027 22:14:45.216,1912.240
25 Mar 2027 22:14:57.223,25 Mar 2027 23:15:31.105,3633.882,23 Mar 2027 11:29:03.938,23 Mar 2027 11:29:14.461,10.523,25 Mar 2027 23:15:42.953,25 Mar 2027 23:47:32.815,1909.862
25 Mar 2027 23:47:44.863,26 Mar 2027 00:48:21.076,3636.214,23 Mar 2027 12:28:20.411,23 Mar 2027 12:28:30.812,10.401,26 Mar 2027 00:48:32.964,26 Mar 2027 01:20:20.455,1907.491
26 Mar 2027 01:20:32.543,26 Mar 2027 02:21:11.082,3638.539,23 Mar 2027 13:01:50.235,23 Mar 2027 13:02:00.794,10.558,26 Mar 2027 02:21:23.011,26 Mar 2027 02:53:08.140,1905.129
26 Mar 2027 02:53:20.269,26 Mar 2027 03:54:01.122,3640.853,23 Mar 2027 14:01:08.914,23 Mar 2027 14:01:19.349,10.435,26 Mar 2027 03:54:13.093,26 Mar 2027 04:25:55.870,1902.776
26 Mar 2027 04:26:08.041,26 Mar 2027 05:26:51.196,3643.155,23 Mar 2027 14:34:36.558,23 Mar 2027 14:34:47.152,10.594,26 Mar 2027 05:27:03.205,26 Mar 2027 05:58:43.646,1900.441
26 Mar 2027 05:58:55.852,26 Mar 2027 06:59:41.301,3645.449,23 Mar 2027 15:33:57.455,23 Mar 2027 15:34:07.925,10.470,26 Mar 2027 06:59:53.352,26 Mar 2027 07:31:31.461,1898.109
26 Mar 2027 07:31:43.713,26 Mar 2027 08:32:31.440,3647.727,23 Mar 2027 16:07:22.907,23 Mar 2027 16:07:33.537,10.630,26 Mar 2027 08:32:43.533,26 Mar 2027 09:04:19.325,1895.792
26 Mar 2027 09:04:31.617,26 Mar 2027 10:05:21.612,3649.995,23 Mar 2027 17:06:46.035,23 Mar 2027 17:06:56.540,10.505,26 Mar 2027 10:05:33.742,26 Mar 2027 10:37:07.237,1893.494
26 Mar 2027 10:37:19.562,26 Mar 2027 11:38:11.814,3652.252,23 Mar 2027 17:40:09.283,23 Mar 2027 17:40:19.950,10.667,26 Mar 2027 11:38:23.987,26 Mar 2027 12:09:55.191,1891.205
26 Mar 2027 12:10:07.557,26 Mar 2027 13:11:02.050,3654.493,23 Mar 2027 18:39:34.655,23 Mar 2027 18:39:45.195,10.540,26 Mar 2027 13:11:14.260,26 Mar 2027 13:42:43.189,1888.930
26 Mar 2027 13:42:55.600,26 Mar 2027 14:43:52.313,3656.714,23 Mar 2027 19:12:55.686,23 Mar 2027 19:13:06.389,10.703,26 Mar 2027 14:44:04.563,26 Mar 2027 15:15:31.237,1886.674
26 Mar 2027 15:15:43.683,26 Mar 2027 16:16:42.607,3658.924,23 Mar 2027 20:12:23.313,23 Mar 2027 20:12:33.888,10.575,26 Mar 2027 16:16:54.896,26 Mar 2027 16:48:19.331,1884.435
26 Mar 2027 16:48:31.816,26 Mar 2027 17:49:32.927,3661.111,23 Mar 2027 20:45:42.117,23 Mar 2027 20:45:52.857,10.740,26 Mar 2027 17:49:45.257,26 Mar 2027 18:21:07.472,1882.215
26 Mar 2027 18:21:19.995,26 Mar 2027 19:22:23.277,3663.281,23 Mar 2027 21:45:12.011,23 Mar 2027 21:45:22.622,10.611,26 Mar 2027 19:22:35.644,26 Mar 2027 19:53:55.661,1880.017
26 Mar 2027 19:54:08.222,26 Mar 2027 20:55:13.656,3665.434,23 Mar 2027 22:18:28.575,23 Mar 2027 22:18:39.353,10.777,26 Mar 2027 20:55:26.060,26 Mar 2027 21:26:43.897,1877.837
26 Mar 2027 21:26:56.496,26 Mar 2027 22:28:04.058,3667.562,23 Mar 2027 23:18:00.749,23 Mar 2027 23:18:11.395,10.647,26 Mar 2027 22:28:16.506,26 Mar 2027 22:59:32.181,1875.676
26 Mar 2027 22:59:44.818,27 Mar 2027 00:00:54.488,3669.670,23 Mar 2027 23:51:15.063,23 Mar 2027 23:51:25.877,10.814,27 Mar 2027 00:01:06.970,27 Mar 2027 00:32:20.514,1873.543
27 Mar 2027 00:32:33.187,27 Mar 2027 01:33:44.943,3671.756,24 Mar 2027 00:50:49.525,24 Mar 2027 00:51:00.208,10.683,27 Mar 2027 01:33:57.463,27 Mar 2027 02:05:08.895,1871.431
27 Mar 2027 02:05:21.608,27 Mar 2027 03:06:35.422,3673.814,24 Mar 2027 01:24:01.579,24 Mar 2027 01:24:12.431,10.852,27 Mar 2027 03:06:47.979,27 Mar 2027 03:37:57.324,1869.345
27 Mar 2027 03:38:10.074,27 Mar 2027 04:39:25.927,3675.853,24 Mar 2027 02:23:38.342,24 Mar 2027 02:23:49.061,10.719,27 Mar 2027 04:39:38.519,27 Mar 2027 05:10:45.802,1867.283
27 Mar 2027 05:10:58.585,27 Mar 2027 06:12:16.450,3677.865,24 Mar 2027 02:56:48.124,24 Mar 2027 02:56:59.014,10.890,27 Mar 2027 06:12:29.081,27 Mar 2027 06:43:34.333,1865.252
27 Mar 2027 06:43:47.151,27 Mar 2027 07:45:06.996,3679.846,24 Mar 2027 03:56:27.198,24 Mar 2027 03:56:37.953,10.756,27 Mar 2027 07:45:19.666,27 Mar 2027 08:16:22.906,1863.240
27 Mar 2027 08:16:35.762,27 Mar 2027 09:17:57.565,3681.803,24 Mar 2027 04:29:34.700,24 Mar 2027 04:29:45.628,10.928,27 Mar 2027 09:18:10.267,27 Mar 2027 09:49:11.532,1861.265
27 Mar 2027 09:49:24.419,27 Mar 2027 10:50:48.152,3683.733,24 Mar 2027 05:29:16.093,24 Mar 2027 05:29:26.886,10.792,27 Mar 2027 10:51:00.892,27 Mar 2027 11:22:00.207,1859.316
27 Mar 2027 11:22:13.129,27 Mar 2027 12:23:38.755,3685.627,24 Mar 2027 06:02:21.306,24 Mar 2027 06:02:32.272,10.966,27 Mar 2027 12:23:51.530,27 Mar 2027 12:54:48.932,1857.402
27 Mar 2027 12:55:01.887,27 Mar 2027 13:56:29.381,3687.494,24 Mar 2027 07:02:05.029,24 Mar 2027 07:02:15.858,10.829,27 Mar 2027 13:56:42.187,27 Mar 2027 14:27:37.707,1855.519
27 Mar 2027 14:27:50.694,27 Mar 2027 15:29:20.018,3689.324,24 Mar 2027 07:35:07.942,24 Mar 2027 07:35:18.947,11.004,27 Mar 2027 15:29:32.861,27 Mar 2027 16:00:26.531,1853.669
27 Mar 2027 16:00:39.550,27 Mar 2027 17:02:10.674,3691.123,24 Mar 2027 08:34:54.004,24 Mar 2027 08:35:04.870,10.867,27 Mar 2027 17:02:23.553,27 Mar 2027 17:33:15.404,1851.851
27 Mar 2027 17:33:28.455,27 Mar 2027 18:35:01.344,3692.888,24 Mar 2027 09:07:54.610,24 Mar 2027 09:08:05.653,11.043,27 Mar 2027 18:35:14.256,27 Mar 2027 19:06:04.327,1850.071
27 Mar 2027 19:06:17.410,27 Mar 2027 20:07:52.027,3694.617,24 Mar 2027 10:07:43.019,24 Mar 2027 10:07:53.923,10.904,27 Mar 2027 20:08:04.970,27 Mar 2027 20:38:53.300,1848.330
27 Mar 2027 20:39:06.413,27 Mar 2027 21:40:42.723,3696.310,24 Mar 2027 10:40:41.310,24 Mar 2027 10:40:52.391,11.082,27 Mar 2027 21:40:55.700,27 Mar 2027 22:11:42.326,1846.626
27 Mar 2027 22:11:55.465,27 Mar 2027 23:13:33.429,3697.964,24 Mar 2027 11:40:32.073,24 Mar 2027 11:40:43.015,10.942,27 Mar 2027 23:13:46.436,27 Mar 2027 23:44:31.395,1844.959
27 Mar 2027 23:44:44.566,28 Mar 2027 00:00:00.000,915.434,24 Mar 2027 12:13:28.041,24 Mar 2027 12:13:39.162,11.121,,,
,,,24 Mar 2027 13:13:21.168,24 Mar 2027 13:13:32.148,10.980,,,
,,,24 Mar 2027 13:46:14.805,24 Mar 2027 13:46:25.965,11.160,,,
,,,24 Mar 2027 14:46:10.302,24 Mar 2027 14:46:21.320,11.018,,,
,,,24 Mar 2027 15:19:01.603,24 Mar 2027 15:19:12.802,11.199,,,
,,,24 Mar 2027 16:18:59.476,24 Mar 2027 16:19:10.532,11.056,,,
,,,24 Mar 2027 16:51:48.434,24 Mar 2027 16:51:59.672,11.239,,,
,,,24 Mar 2027 17:51:48.689,24 Mar 2027 17:51:59.784,11.095,,,
,,,24 Mar 2027 18:24:35.298,24 Mar 2027 18:24:46.577,11.278,,,
,,,24 Mar 2027 19:24:37.943,24 Mar 2027 19:24:49.076,11.133,,,
,,,24 Mar 2027 19:57:22.198,24 Mar 2027 19:57:33.516,11.318,,,
,,,24 Mar 2027 20:57:27.235,24 Mar 2027 20:57:38.408,11.172,,,
,,,24 Mar 2027 21:30:09.132,24 Mar 2027 21:30:20.490,11.358,,,
,,,24 Mar 2027 22:30:16.568,24 Mar 2027 22:30:27.779,11.211,,,
,,,24 Mar 2027 23:02:56.102,24 Mar 2027 23:03:07.504,11.402,,,
,,,25 Mar 2027 00:03:05.937,25 Mar 2027 00:03:17.187,11.250,,,
,,,25 Mar 2027 00:35:43.107,25 Mar 2027 00:35:54.546,11.438,,,
,,,25 Mar 2027 01:35:55.350,25 Mar 2027 01:36:06.640,11.290,,,
,,,25 Mar 2027 02:08:30.149,25 Mar 2027 02:08:41.628,11.479,,,
,,,25 Mar 2027 03:08:44.798,25 Mar 2027 03:08:56.127,11.329,,,
,,,25 Mar 2027 03:41:17.228,25 Mar 2027 03:41:28.747,11.519,,,
,,,25 Mar 2027 04:41:34.289,25 Mar 2027 04:41:45.657,11.369,,,
,,,25 Mar 2027 05:14:04.344,25 Mar 2027 05:14:15.904,11.560,,,
,,,25 Mar 2027 06:14:23.816,25 Mar 2027 06:14:35.225,11.408,,,
,,,25 Mar 2027 06:46:51.501,25 Mar 2027 06:47:03.101,11.600,,,
,,,25 Mar 2027 07:47:13.382,25 Mar 2027 07:47:24.830,11.448,,,
,,,25 Mar 2027 08:19:38.693,25 Mar 2027 08:19:50.333,11.641,,,
,,,25 Mar 2027 09:20:02.987,25 Mar 2027 09:20:14.475,11.488,,,
,,,25 Mar 2027 09:52:25.923,25 Mar 2027 09:52:37.605,11.681,,,
,,,25 Mar 2027 10:52:52.629,25 Mar 2027 10:53:04.157,11.528,,,
,,,25 Mar 2027 11:25:13.193,25 Mar 2027 11:25:24.915,11.722,,,
,,,25 Mar 2027 12:25:42.309,25 Mar 2027 12:25:53.876,11.567,,,
,,,25 Mar 2027 12:58:00.503,25 Mar 2027 12:58:12.264,11.761,,,
,,,25 Mar 2027 13:58:32.027,25 Mar 2027 13:58:43.636,11.609,,,
,,,25 Mar 2027 14:30:47.852,25 Mar 2027 14:30:59.656,11.804,,,
,,,25 Mar 2027 15:31:21.782,25 Mar 2027 15:31:33.431,11.649,,,
,,,25 Mar 2027 16:03:35.240,25 Mar 2027 16:03:47.087,11.847,,,
,,,25 Mar 2027 17:04:11.574,25 Mar 2027 17:04:23.261,11.687,,,
,,,25 Mar 2027 17:36:22.673,25 Mar 2027 17:36:34.556,11.883,,,
,,,25 Mar 2027 18:37:01.403,25 Mar 2027 18:37:13.132,11.729,,,
,,,25 Mar 2027 19:09:10.145,25 Mar 2027 19:09:22.071,11.926,,,
,,,25 Mar 2027 20:09:51.268,25 Mar 2027 20:10:03.035,11.767,,,
,,,25 Mar 2027 20:41:57.658,25 Mar 2027 20:42:09.626,11.968,,,
,,,25 Mar 2027 21:42:41.167,25 Mar 2027 21:42:52.976,11.810,,,
,,,25 Mar 2027 22:14:45.216,25 Mar 2027 22:14:57.223,12.007,,,
,,,25 Mar 2027 23:15:31.105,25 Mar 2027 23:15:42.953,11.848,,,
,,,25 Mar 2027 23:47:32.815,25 Mar 2027 23:47:44.863,12.048,,,
,,,26 Mar 2027 00:48:21.076,26 Mar 2027 00:48:32.964,11.888,,,
,,,26 Mar 2027 01:20:20.455,26 Mar 2027 01:20:32.543,12.088,,,
,,,26 Mar 2027 02:21:11.082,26 Mar 2027 02:21:23.011,11.929,,,
,,,26 Mar 2027 02:53:08.140,26 Mar 2027 02:53:20.269,12.129,,,
,,,26 Mar 2027 03:54:01.122,26 Mar 2027 03:54:13.093,11.971,,,
,,,26 Mar 2027 04:25:55.870,26 Mar 2027 04:26:08.041,12.171,,,
,,,26 Mar 2027 05:26:51.196,26 Mar 2027 05:27:03.205,12.009,,,
,,,26 Mar 2027 05:58:43.646,26 Mar 2027 05:58:55.852,12.206,,,
,,,26 Mar 2027 06:59:41.301,26 Mar 2027 06:59:53.352,12.051,,,
,,,26 Mar 2027 07:31:31.461,26 Mar 2027 07:31:43.713,12.252,,,
,,,26 Mar 2027 08:32:31.440,26 Mar 2027 08:32:43.533,12.093,,,
,,,26 Mar 2027 09:04:19.325,26 Mar 2027 09:04:31.617,12.292,,,
,,,26 Mar 2027 10:05:21.612,26 Mar 2027 10:05:33.742,12.131,,,
,,,26 Mar 2027 10:37:07.237,26 Mar 2027 10:37:19.562,12.326,,,
,,,26 Mar 2027 11:38:11.814,26 Mar 2027 11:38:23.987,12.172,,,
,,,26 Mar 2027 12:09:55.191,26 Mar 2027 12:10:07.557,12.365,,,
,,,26 Mar 2027 13:11:02.050,26 Mar 2027 13:11:14.260,12.210,,,
,,,26 Mar 2027 13:42:43.189,26 Mar 2027 13:42:55.600,12.410,,,
,,,26 Mar 2027 14:43:52.313,26 Mar 2027 14:44:04.563,12.250,,,
,,,26 Mar 2027 15:15:31.237,26 Mar 2027 15:15:43.683,12.446,,,
,,,26 Mar 2027 16:16:42.607,26 Mar 2027 16:16:54.896,12.289,,,
,,,26 Mar 2027 16:48:19.331,26 Mar 2027 16:48:31.816,12.485,,,
,,,26 Mar 2027 17:49:32.927,26 Mar 2027 17:49:45.257,12.330,,,
,,,26 Mar 2027 18:21:07.472,26 Mar 2027 18:21:19.995,12.523,,,
,,,26 Mar 2027 19:22:23.277,26 Mar 2027 19:22:35.644,12.367,,,
,,,26 Mar 2027 19:53:55.661,26 Mar 2027 19:54:08.222,12.561,,,
,,,26 Mar 2027 20:55:13.656,26 Mar 2027 20:55:26.060,12.404,,,
,,,26 Mar 2027 21:26:43.897,26 Mar 2027 21:26:56.496,12.599,,,
,,,26 Mar 2027 22:28:04.058,26 Mar 2027 22:28:16.506,12.447,,,
,,,26 Mar 2027 22:59:32.181,26 Mar 2027 22:59:44.818,12.637,,,
,,,27 Mar 2027 00:00:54.488,27 Mar 2027 00:01:06.970,12.482,,,
,,,27 Mar 2027 00:32:20.514,27 Mar 2027 00:32:33.187,12.674,,,
,,,27 Mar 2027 01:33:44.943,27 Mar 2027 01:33:57.463,12.520,,,
,,,27 Mar 2027 02:05:08.895,27 Mar 2027 02:05:21.608,12.713,,,
,,,27 Mar 2027 03:06:35.422,27 Mar 2027 03:06:47.979,12.557,,,
,,,27 Mar 2027 03:37:57.324,27 Mar 2027 03:38:10.074,12.749,,,
,,,27 Mar 2027 04:39:25.927,27 Mar 2027 04:39:38.519,12.592,,,
,,,27 Mar 2027 05:10:45.802,27 Mar 2027 05:10:58.585,12.782,,,
,,,27 Mar 2027 06:12:16.450,27 Mar 2027 06:12:29.081,12.631,,,
,,,27 Mar 2027 06:43:34.333,27 Mar 2027 06:43:47.151,12.818,,,
,,,27 Mar 2027 07:45:06.996,27 Mar 2027 07:45:19.666,12.670,,,
,,,27 Mar 2027 08:16:22.906,27 Mar 2027 08:16:35.762,12.856,,,
,,,27 Mar 2027 09:17:57.565,27 Mar 2027 09:18:10.267,12.701,,,
,,,27 Mar 2027 09:49:11.532,27 Mar 2027 09:49:24.419,12.887,,,
,,,27 Mar 2027 10:50:48.152,27 Mar 2027 10:51:00.892,12.739,,,
,,,27 Mar 2027 11:22:00.207,27 Mar 2027 11:22:13.129,12.921,,,
,,,27 Mar 2027 12:23:38.755,27 Mar 2027 12:23:51.530,12.774,,,
,,,27 Mar 2027 12:54:48.932,27 Mar 2027 12:55:01.887,12.955,,,
,,,27 Mar 2027 13:56:29.381,27 Mar 2027 13:56:42.187,12.807,,,
,,,27 Mar 2027 14:27:37.707,27 Mar 2027 14:27:50.694,12.987,,,
,,,27 Mar 2027 15:29:20.018,27 Mar 2027 15:29:32.861,12.843,,,
,,,27 Mar 2027 16:00:26.531,27 Mar 2027 16:00:39.550,13.020,,,
,,,27 Mar 2027 17:02:10.674,27 Mar 2027 17:02:23.553,12.880,,,
,,,27 Mar 2027 17:33:15.404,27 Mar 2027 17:33:28.455,13.051,,,
,,,27 Mar 2027 18:35:01.344,27 Mar 2027 18:35:14.256,12.913,,,
,,,27 Mar 2027 19:06:04.327,27 Mar 2027 19:06:17.410,13.082,,,
,,,27 Mar 2027 20:07:52.027,27 Mar 2027 20:08:04.970,12.943,,,
,,,27 Mar 2027 20:38:53.300,27 Mar 2027 20:39:06.413,13.113,,,
,,,27 Mar 2027 21:40:42.723,27 Mar 2027 21:40:55.700,12.977,,,
,,,27 Mar 2027 22:11:42.326,27 Mar 2027 22:11:55.465,13.139,,,
,,,27 Mar 2027 23:13:33.429,27 Mar 2027 23:13:46.436,13.007,,,
,,,27 Mar 2027 23:44:31.395,27 Mar 2027 23:44:44.566,13.171,,,


