Designator,Mid X,Mid Y,Rotation,Layer
C1,153.421800mm,-119.259200mm,-90.000000,Top
C2,147.781400mm,-119.207200mm,-90.000000,Top
C3,153.675800mm,-124.033200mm,180.000000,Top
C4,155.098200mm,-121.950400mm,0.000000,Top
C5,150.196000mm,-129.392600mm,-90.000000,Top
C6,147.763600mm,-124.843600mm,180.000000,Top
C7,154.000000mm,-126.751000mm,0.000000,Top
C8,125.200000mm,-72.775000mm,180.000000,Top
C9,158.200000mm,-72.775000mm,180.000000,Top
C55,146.123600mm,-131.963600mm,0.000000,Top
C56,148.643600mm,-132.443600mm,-90.000000,Top
C57,170.800000mm,-127.400000mm,90.000000,Top
C58,125.263600mm,-108.843600mm,90.000000,Top
C59,121.867000mm,-98.633200mm,90.000000,Top
C60,149.173600mm,-130.963600mm,0.000000,Top
C61,123.200000mm,-116.450000mm,90.000000,Top
C62,126.094506mm,-101.773814mm,-90.000000,Top
C63,175.078360mm,-129.011600mm,0.000000,Top
C64,150.723600mm,-132.453600mm,-90.000000,Top
C65,139.483600mm,-116.863600mm,-90.000000,Top
C66,145.750000mm,-121.000000mm,0.000000,Top
C67,152.213600mm,-131.973600mm,0.000000,Top
C68,117.013600mm,-107.343600mm,90.000000,Top
C69,177.752090mm,-123.027120mm,-90.000000,Top
C70,115.513600mm,-106.600000mm,90.000000,Top
C71,132.907606mm,-121.175612mm,0.000000,Top
C72,179.500000mm,-118.800000mm,90.000000,Top
C73,139.273600mm,-119.893600mm,0.000000,Top
C74,117.013600mm,-101.093600mm,-90.000000,Top
C75,158.900000mm,-131.750000mm,0.000000,Top
C76,135.032606mm,-119.350612mm,180.000000,Top
C77,159.718480mm,-125.173290mm,180.000000,Top
C78,115.513600mm,-101.823600mm,-90.000000,Top
C79,158.626280mm,-127.103690mm,180.000000,Top
C80,144.263600mm,-120.983600mm,-90.000000,Top
C81,142.993600mm,-124.883600mm,-90.000000,Top
C82,154.100000mm,-116.300000mm,0.000000,Top
C83,157.300000mm,-120.250000mm,180.000000,Top
C84,131.769394mm,-123.366100mm,-135.000000,Top
C85,155.350000mm,-117.600000mm,180.000000,Top
C86,161.200000mm,-116.300000mm,0.000000,Top
C87,130.864394mm,-126.086100mm,180.000000,Top
C88,172.000000mm,-119.900000mm,-90.000000,Top
C89,132.339662mm,-126.577888mm,-90.000000,Top
C90,162.700000mm,-116.780000mm,-90.000000,Top
C91,165.500000mm,-116.300000mm,0.000000,Top
C92,130.869794mm,-128.158500mm,180.000000,Top
C93,142.273600mm,-123.018600mm,-90.000000,Top
C94,132.359394mm,-128.626100mm,-90.000000,Top
C95,166.900000mm,-116.780000mm,-90.000000,Top
C96,139.428600mm,-125.643600mm,180.000000,Top
C97,169.700000mm,-116.300000mm,0.000000,Top
C98,140.928600mm,-126.100893mm,-90.000000,Top
C99,163.300000mm,-127.400000mm,180.000000,Top
C100,139.456281mm,-127.750893mm,180.000000,Top
C101,139.473600mm,-128.793600mm,180.000000,Top
C102,135.801100mm,-132.783600mm,-90.000000,Top
C103,127.023546mm,-131.758594mm,180.000000,Top
C104,127.213546mm,-129.958594mm,180.000000,Top
C105,138.993600mm,-135.123600mm,0.000000,Top
C106,134.054900mm,-134.917200mm,-90.000000,Top
C107,139.000000mm,-78.625000mm,0.000000,Top
C108,139.000000mm,-73.425000mm,0.000000,Top
C109,119.460000mm,-75.300000mm,0.000000,Top
C110,145.500000mm,-76.500000mm,0.000000,Top
C111,172.000000mm,-78.625000mm,0.000000,Top
C112,172.000000mm,-73.425000mm,0.000000,Top
C113,152.459999mm,-75.300000mm,0.000000,Top
C114,178.500000mm,-76.500000mm,0.000000,Top
C115,145.850000mm,-122.850000mm,90.000000,Top
C116,117.000000mm,-111.900000mm,180.000000,Top
C117,119.700000mm,-106.000000mm,0.000000,Top
C118,120.000000mm,-112.800000mm,0.000000,Top
D9,148.513600mm,-87.843600mm,0.000000,Top
D10,152.763600mm,-87.843600mm,0.000000,Top
D11,144.513600mm,-87.843600mm,0.000000,Top
D12,127.418600mm,-98.987400mm,-90.000000,Top
D13,124.171000mm,-119.207000mm,90.000000,Top
D14,184.299200mm,-117.699000mm,0.000000,Top
D15,134.443600mm,-132.413600mm,0.000000,Top
J9,135.204383mm,-129.413600mm,90.000000,Top
L12,147.613600mm,-132.448600mm,-90.000000,Top
L13,149.683600mm,-132.458600mm,-90.000000,Top
L15,136.107606mm,-121.175612mm,0.000000,Top
L16,158.300000mm,-129.550000mm,0.000000,Top
L17,142.760000mm,-121.500000mm,180.000000,Top
L18,156.000000mm,-116.300000mm,0.000000,Top
L19,130.828600mm,-125.047312mm,180.000000,Top
L20,164.100000mm,-116.785000mm,-90.000000,Top
L21,130.870851mm,-127.107654mm,180.000000,Top
L22,168.300000mm,-116.785000mm,-90.000000,Top
L23,139.427241mm,-124.595905mm,180.000000,Top
L24,139.408000mm,-126.701588mm,180.000000,Top
Q3,139.827206mm,-122.137812mm,0.000000,Top
Q4,158.300000mm,-117.950000mm,180.000000,Top
R1,152.084400mm,-116.514800mm,180.000000,Top
R2,149.595200mm,-116.286200mm,180.000000,Top
R3,147.263600mm,-123.343600mm,90.000000,Top
R4,154.395000mm,-125.608000mm,0.000000,Top
R5,119.263600mm,-139.343600mm,0.000000,Top
R6,119.263600mm,-124.093600mm,0.000000,Top
R20,171.100000mm,-129.087799mm,0.000000,Top
R21,173.053560mm,-129.087800mm,0.000000,Top
R22,147.529000mm,-89.743200mm,-90.000000,Top
R23,151.847000mm,-89.616200mm,-90.000000,Top
R24,143.668200mm,-89.946400mm,-90.000000,Top
R25,138.490600mm,-116.835400mm,90.000000,Top
R26,127.259800mm,-101.816200mm,90.000000,Top
R27,137.773600mm,-119.393600mm,90.000000,Top
R28,176.177290mm,-119.662420mm,-90.000000,Top
R29,177.675890mm,-120.890610mm,-90.000000,Top
R30,175.000000mm,-118.800000mm,90.000000,Top
R31,124.237200mm,-116.450000mm,-90.000000,Top
R32,173.950890mm,-120.378120mm,180.000000,Top
R33,155.300000mm,-119.600000mm,180.000000,Top
R34,159.688460mm,-121.437170mm,90.000000,Top
R35,142.733600mm,-132.493600mm,90.000000,Top
R36,137.521100mm,-134.823600mm,-90.000000,Top
R37,127.883546mm,-128.754988mm,180.000000,Top
R38,170.989494mm,-131.228652mm,0.000000,Top
R39,173.023600mm,-131.333600mm,180.000000,Top
R40,140.000000mm,-82.500000mm,180.000000,Top
R41,125.200000mm,-75.375000mm,0.000000,Top
R42,142.000000mm,-76.500000mm,180.000000,Top
R43,173.000000mm,-82.500000mm,180.000000,Top
R44,158.200000mm,-75.375000mm,0.000000,Top
R45,175.000000mm,-76.500000mm,180.000000,Top
R46,120.000000mm,-104.400000mm,0.000000,Top
U1,132.000000mm,-77.000000mm,0.000000,Top
U4,165.000000mm,-77.000000mm,0.000000,Top
U5,174.119890mm,-124.696120mm,90.000000,Top
U7,145.200000mm,-117.750000mm,-90.000000,Top
U8,135.044458mm,-124.529754mm,180.000000,Top
U9,154.500000mm,-130.800000mm,-90.000000,Top
U10,165.763600mm,-122.133600mm,0.000000,Top
U11,135.781100mm,-135.313600mm,90.000000,Top
U12,130.389946mm,-130.671100mm,90.000000,Top
U13,140.183600mm,-132.956100mm,180.000000,Top
U14,141.674800mm,-118.354000mm,-90.000000,Top
U15,120.000000mm,-109.000000mm,-90.000000,Top
Y1,150.348400mm,-119.207200mm,90.000000,Top
Y2,150.780200mm,-125.176200mm,-90.000000,Top
Y3,122.000000mm,-79.880000mm,0.000000,Top
Y4,155.000000mm,-79.880000mm,0.000000,Top
