"Reference","Value","Footprint","MPN","LCSC Part #","DNP"
"C1","15p","Capacitor_SMD:C_0603_1608Metric","","C107037",""
"C2","15p","Capacitor_SMD:C_0603_1608Metric","","C107037",""
"C3","100n","Capacitor_SMD:C_0402_1005Metric","","C1525",""
"C4","10u","Capacitor_SMD:C_0805_2012Metric","","C15850",""
"C5","100n","Capacitor_SMD:C_0402_1005Metric","","C1525",""
"C6","100n","Capacitor_SMD:C_0402_1005Metric","","C1525",""
"C7","100n","Capacitor_SMD:C_0402_1005Metric","","C1525",""
"C8","100nF","Capacitor_SMD:C_0805_2012Metric","CL21B104KBCNNNC","C1711",""
"C9","100nF","Capacitor_SMD:C_0805_2012Metric","CL21B104KBCNNNC","C1711",""
"C55","3.9p","Capacitor_SMD:C_0402_1005Metric","","C1566",""
"C56","9.1p","Capacitor_SMD:C_0402_1005Metric","","C526972",""
"C57","2.2n","Capacitor_SMD:C_0402_1005Metric","","C3892498",""
"C58","47u","Ember_RF:CP_Elec_Panasonic_D_6.3x5.8","EEHZA1V470P","C178639",""
"C59","47u","Ember_RF:CP_Elec_Panasonic_D_6.3x5.8","EEHZA1V470P","C178639",""
"C60","1.6p","Capacitor_SMD:C_0402_1005Metric","","C161311",""
"C61","100n","Capacitor_SMD:C_0402_1005Metric","","C1525",""
"C62","100n","Capacitor_SMD:C_0402_1005Metric","","C1525",""
"C63","2.2n","Capacitor_SMD:C_0402_1005Metric","","C3892498",""
"C64","9.1p","Capacitor_SMD:C_0402_1005Metric","","C526972",""
"C65","10p","Capacitor_SMD:C_0402_1005Metric","","C32949",""
"C66","100n","Capacitor_SMD:C_0402_1005Metric","","C1525",""
"C67","3.9p","Capacitor_SMD:C_0402_1005Metric","","C1566",""
"C68","10u","Capacitor_SMD:C_0805_2012Metric","","C2167673",""
"C69","100n","Capacitor_SMD:C_0402_1005Metric","","C1525",""
"C70","100n","Capacitor_SMD:C_0402_1005Metric","","C1525",""
"C71","100n","Capacitor_SMD:C_0402_1005Metric","","C1525",""
"C72","10u","Capacitor_SMD:C_0805_2012Metric","","C15850",""
"C73","100n","Capacitor_SMD:C_0402_1005Metric","","C1525",""
"C74","10u","Capacitor_SMD:C_0805_2012Metric","","C2167673",""
"C75","100n","Capacitor_SMD:C_0402_1005Metric","","C1525",""
"C76","10u","Capacitor_SMD:C_0805_2012Metric","","C15850",""
"C77","100n","Capacitor_SMD:C_0402_1005Metric","","C1525",""
"C78","100n","Capacitor_SMD:C_0402_1005Metric","","C1525",""
"C79","10u","Capacitor_SMD:C_0805_2012Metric","","C2167673",""
"C80","100n","Capacitor_SMD:C_0402_1005Metric","","C1525",""
"C81","8.2p","Capacitor_SMD:C_0402_1005Metric","","C1579",""
"C82","100n","Capacitor_SMD:C_0402_1005Metric","","C1525",""
"C83","1n","Capacitor_SMD:C_0402_1005Metric","","C53547",""
"C84","3.9p","Capacitor_SMD:C_0402_1005Metric","","C1566",""
"C85","8.2p","Capacitor_SMD:C_0402_1005Metric","","C1579",""
"C86","3.9p","Capacitor_SMD:C_0402_1005Metric","","C1566",""
"C87","9.1p","Capacitor_SMD:C_0402_1005Metric","","C526972",""
"C88","100n","Capacitor_SMD:C_0402_1005Metric","","C1525",""
"C89","1.6p","Capacitor_SMD:C_0402_1005Metric","","C161311",""
"C90","9.1p","Capacitor_SMD:C_0402_1005Metric","","C526972",""
"C91","1.6p","Capacitor_SMD:C_0402_1005Metric","","C161311",""
"C92","9.1p","Capacitor_SMD:C_0402_1005Metric","","C526972",""
"C93","3.9p","Capacitor_SMD:C_0402_1005Metric","","C1566",""
"C94","3.9p","Capacitor_SMD:C_0402_1005Metric","","C1566",""
"C95","9.1p","Capacitor_SMD:C_0402_1005Metric","","C526972",""
"C96","9.1p","Capacitor_SMD:C_0402_1005Metric","","C526972",""
"C97","3.9p","Capacitor_SMD:C_0402_1005Metric","","C1566",""
"C98","1.6p","Capacitor_SMD:C_0402_1005Metric","","C161311",""
"C99","100n","Capacitor_SMD:C_0805_2012Metric","CL21B104KBCNNNC","C1711",""
"C100","9.1p","Capacitor_SMD:C_0402_1005Metric","","C526972",""
"C101","3.9p","Capacitor_SMD:C_0402_1005Metric","","C1566",""
"C102","100p","Capacitor_SMD:C_0402_1005Metric","","C1546",""
"C103","1u","Capacitor_SMD:C_0603_1608Metric","","C29936",""
"C104","1u","Capacitor_SMD:C_0603_1608Metric","","C29936",""
"C105","100n","Capacitor_SMD:C_0402_1005Metric","","C1525",""
"C106","100n","Capacitor_SMD:C_0402_1005Metric","","C1525",""
"C107","100nF","Capacitor_SMD:C_0603_1608Metric","CC0603KRX7R9BB104","C14663",""
"C108","100nF","Capacitor_SMD:C_0603_1608Metric","CC0603KRX7R9BB104","C14663",""
"C109","100nF","Capacitor_SMD:C_0603_1608Metric","CC0603KRX7R9BB104","C14663",""
"C110","100nF","Capacitor_SMD:C_0603_1608Metric","CC0603KRX7R9BB104","C14663",""
"C111","100nF","Capacitor_SMD:C_0603_1608Metric","CC0603KRX7R9BB104","C14663",""
"C112","100nF","Capacitor_SMD:C_0603_1608Metric","CC0603KRX7R9BB104","C14663",""
"C113","100nF","Capacitor_SMD:C_0603_1608Metric","CC0603KRX7R9BB104","C14663",""
"C114","100nF","Capacitor_SMD:C_0603_1608Metric","CC0603KRX7R9BB104","C14663",""
"C115","100n","Capacitor_SMD:C_0402_1005Metric","CL05B104KO5NNNC","C1525",""
"C116","10nF","Capacitor_SMD:C_0603_1608Metric","0603B103K500NT","C57112",""
"C117","1uF","Capacitor_SMD:C_0603_1608Metric","CL10A105KB8NNNC","C15849",""
"C118","1uF","Capacitor_SMD:C_0603_1608Metric","CL10A105KB8NNNC","C15849",""
"D9","LED","LED_SMD:LED_0603_1608Metric","","C5875738",""
"D10","LED","LED_SMD:LED_0603_1608Metric","","C5875738",""
"D11","LED","LED_SMD:LED_0603_1608Metric","","C5875738",""
"D12","Green","LED_SMD:LED_0603_1608Metric","LTST-C190KGKT","C125094",""
"D13","Green","LED_SMD:LED_0603_1608Metric","LTST-C190KGKT","C125094",""
"D14","D_Schottky","Diode_SMD:D_SMA","","C2480",""
"D15","PESD5V0F1BLD","Diode_SMD:D_SOD-882D","PESD5V0F1BLD,315","C478204",""
"H1","Conn_02x26_Odd_Even","Ember_RF:Samtec_ESQ-126-39-G-D_2x26_P2.54mm","ESQ-126-39-G-D","C7466599",""
"H2","Conn_02x26_Odd_Even","Ember_RF:Samtec_ESQ-126-39-G-D_2x26_P2.54mm","ESQ-126-39-G-D","C7466599",""
"J6","Conn_01x20","Connector_PinHeader_2.54mm:PinHeader_1x20_P2.54mm_Vertical","2.54-1*20P","C50981","DNP"
"J7","Conn_01x20","Connector_PinHeader_2.54mm:PinHeader_1x20_P2.54mm_Vertical","2.54-1*20P","C50981","DNP"
"J8","Conn_01x20","Connector_PinHeader_2.54mm:PinHeader_1x20_P2.54mm_Vertical","2.54-1*20P","C50981","DNP"
"J9","Conn_Coaxial_Small","Connector_Coaxial:MMCX_Molex_73415-1471_Vertical","734151471","C588477",""
"JP1","Jumper_2_Open","Connector_PinHeader_2.54mm:PinHeader_1x02_P2.54mm_Vertical","826629-2","C86471",""
"JP2","Jumper_2_Open","Connector_PinHeader_2.54mm:PinHeader_1x02_P2.54mm_Vertical","826629-2","C86471",""
"L12","10n","Inductor_SMD:L_0402_1005Metric","LQW15AN10NG00D","C90642",""
"L13","10n","Inductor_SMD:L_0402_1005Metric","LQW15AN10NG00D","C90642",""
"L15","220n","Inductor_SMD:L_0805_2012Metric","","C337958",""
"L16","220n","Ember_RF:L_Coilcraft_0805HP","0805HP-221XGRC","C40877572",""
"L17","15n","Inductor_SMD:L_0402_1005Metric","","C39750903",""
"L18","15n","Inductor_SMD:L_0402_1005Metric","","C39750903",""
"L19","10n","Inductor_SMD:L_0402_1005Metric","LQW15AN10NG00D","C90642",""
"L20","10n","Inductor_SMD:L_0402_1005Metric","LQW15AN10NG00D","C90642",""
"L21","10n","Inductor_SMD:L_0402_1005Metric","LQW15AN10NG00D","C90642",""
"L22","10n","Inductor_SMD:L_0402_1005Metric","LQW15AN10NG00D","C90642",""
"L23","10n","Inductor_SMD:L_0402_1005Metric","LQW15AN10NG00D","C90642",""
"L24","10n","Inductor_SMD:L_0402_1005Metric","LQW15AN10NG00D","C90642",""
"Q3","2SC3356","Package_TO_SOT_SMD:SOT-23","","C193010",""
"Q4","2SC3356","Package_TO_SOT_SMD:SOT-23","","C193010",""
"R1","4.7k","Resistor_SMD:R_0402_1005Metric","","C25900",""
"R2","4.7k","Resistor_SMD:R_0402_1005Metric","","C25900",""
"R3","0R","Resistor_SMD:R_0402_1005Metric","","C60485",""
"R4","0R","Resistor_SMD:R_0402_1005Metric","","C60485",""
"R5","120R","Resistor_SMD:R_0805_2012Metric","0805W8F1200T5E","C17437",""
"R6","120R","Resistor_SMD:R_0805_2012Metric","0805W8F1200T5E","C17437",""
"R20","22k","Resistor_SMD:R_0402_1005Metric","","C4230864",""
"R21","22k","Resistor_SMD:R_0402_1005Metric","","C4230864",""
"R22","330","Resistor_SMD:R_0402_1005Metric","","C71626",""
"R23","330","Resistor_SMD:R_0402_1005Metric","","C71626",""
"R24","330","Resistor_SMD:R_0402_1005Metric","","C71626",""
"R25","100R","Resistor_SMD:R_0402_1005Metric","","C844713",""
"R26","1k","Resistor_SMD:R_0402_1005Metric","0402WGF1001TCE","C11702",""
"R27","47k","Resistor_SMD:R_0402_1005Metric","","C144710",""
"R28","10k","Resistor_SMD:R_0402_1005Metric","","C2091111",""
"R29","10k","Resistor_SMD:R_0402_1005Metric","","C2091111",""
"R30","10k","Resistor_SMD:R_0402_1005Metric","","C2091111",""
"R31","1k","Resistor_SMD:R_0402_1005Metric","0402WGF1001TCE","C11702",""
"R32","100k","Resistor_SMD:R_0402_1005Metric","","C25741",""
"R33","47k","Resistor_SMD:R_0402_1005Metric","","C144710",""
"R34","51","Resistor_SMD:R_0402_1005Metric","","C137960",""
"R35","10k","Resistor_SMD:R_0402_1005Metric","","C25744",""
"R36","10k","Resistor_SMD:R_0402_1005Metric","","C25744",""
"R37","10k","Resistor_SMD:R_0402_1005Metric","","C25744",""
"R38","100k","Resistor_SMD:R_0402_1005Metric","","C25741",""
"R39","100k","Resistor_SMD:R_0402_1005Metric","","C25741",""
"R40","10k","Resistor_SMD:R_0603_1608Metric","0603WAF1002T5E","C25804",""
"R41","10k","Resistor_SMD:R_0603_1608Metric","0603WAF1002T5E","C25804",""
"R42","10k","Resistor_SMD:R_0603_1608Metric","0603WAF1002T5E","C25804",""
"R43","10k","Resistor_SMD:R_0603_1608Metric","0603WAF1002T5E","C25804",""
"R44","10k","Resistor_SMD:R_0603_1608Metric","0603WAF1002T5E","C25804",""
"R45","10k","Resistor_SMD:R_0603_1608Metric","0603WAF1002T5E","C25804",""
"R46","470k","Resistor_SMD:R_0603_1608Metric","0603WAF4703T5E","C23178",""
"TP1","TestPoint","TestPoint:TestPoint_Pad_D1.0mm","","N/A",""
"TP2","TestPoint","TestPoint:TestPoint_Pad_D1.0mm","","N/A",""
"TP3","TestPoint","TestPoint:TestPoint_Pad_D1.0mm","","N/A",""
"TP4","TestPoint","TestPoint:TestPoint_Pad_D1.0mm","","N/A",""
"TP5","TestPoint","TestPoint:TestPoint_Pad_D1.0mm","","N/A",""
"TP6","TestPoint","TestPoint:TestPoint_Pad_D1.0mm","","N/A",""
"U1","MCP25625-E/SS","Package_SO:SSOP-28_5.3x10.2mm_P0.65mm","MCP25625-E/SS","C184944",""
"U4","MCP25625-E/SS","Package_SO:SSOP-28_5.3x10.2mm_P0.65mm","MCP25625-E/SS","C184944",""
"U5","MCP6022","Package_SO:SOIC-8_3.9x4.9mm_P1.27mm","MCP6022-I/SN","C57639",""
"U7","74LVC1G86","Package_TO_SOT_SMD:SOT-23-5","SN74LVC1G86DBVR","C402161",""
"U8","ADL5602ARKZ-R7","Package_TO_SOT_SMD:SOT-89-3","ADL5602ARKZ-R7","C496494",""
"U9","PSA4-5043+","Ember_RF:PSA4-5043_MMM1362","PSA4-5043+","C5240848",""
"U10","ADE-1+","RF_Mini-Circuits:Mini-Circuits_CD542_LandPatternPL-052","ADE-1+","C2942210",""
"U11","PE4259","Package_TO_SOT_SMD:SOT-363_SC-70-6","4259-63","C470892",""
"U12","TLV73330PDBVR","Package_TO_SOT_SMD:SOT-23-5","TLV73330PDBVR","C882826",""
"U13","SN74LVC1G17DBVR","Package_TO_SOT_SMD:SOT-23-5","SN74LVC1G17DBVR","C7836",""
"U14","SN74LVC1G08DBVR","Package_TO_SOT_SMD:SOT-23-5","SN74LVC1G08DBVR","C7666",""
"U15","LM73100RPWR","Ember_RF:Texas_RPW0010A_VQFN-HR-10_2x2mm","LM73100RPWR","C3210761",""
"Y1","25MHz","Crystal:Crystal_SMD_3225-4Pin_3.2x2.5mm","ABM8G-25.000MHZ-B4Y-T","C596913",""
"Y2","Si5351A-B-GT","Package_SO:MSOP-10_3x3mm_P0.5mm","","C504891",""
"Y3","16MHz","Oscillator:Oscillator_SMD_SiT_PQFN-4Pin_7.0x5.0mm","SIT8008AI-82-33E-16.000000Y","C12710",""
"Y4","16MHz","Oscillator:Oscillator_SMD_SiT_PQFN-4Pin_7.0x5.0mm","SIT8008AI-82-33E-16.000000Y","C12710",""
